" But cart has some errors."," mutta ostoskorissa on joitain virheitä."
" Note: Image size affects the performance of your app."," Huom! Kuvan koko vaikuttaa sovelluksen tehokkuuteen."
"""Description"" is more than %d characters long","""Kuvaus"" on enemmän kuin %d merkkiä pitkä."
"""Title"" is more than %d characters long","""Otsikko" on enemmän kuin %d merkkiä pitkä."
"""id"" attribute is required for a ""%s"" field.","""tunniste"" -ominaisuus on pakollinen ""%s"" kentälle."
"""line_count"" attribute is required for ""multiline"" element.","""line_count"" -ominaisuus on pakollinen ""multiline"" -elementille."
"""message"" attribute is required for ""%s"" validator rule.","""message"" attribute is required for ""%s"" validator rule."
"%1$s has been added to your wishlist.","%1$s on lisätty kauppalistaan."
"%1$s incl tax.","%1$s (verollinen)"
"%@ is not correct","%@ ei ole oikein"
"%s API Key required.","%s API-avain on pakollinen."
"%s Application ID required.","%s -sovelluksen tunniste on pakollinen."
"%s Secret Key required.","%s -salausavain on pakollinen."
"%s attribute is required.","%s -ominaisuus on pakollinen."
"%s fields is required","%s kentät ovat pakollisia."
"%s has been added to your cart.","%s on lisätty ostoskoriin."
"%s id:","%s id:"
"%s was updated in your shopping cart.","% on muutettu ostoskorissa."
"(Includes more countries than those listed below. As the application owner, you are responsible for complying with country-specific laws related to the distribution or sale of your application into that country, including your home country.)","(Sisältää enemmän maita kuin alapuolella on listattu. Sovelluksen omistajana olet vastuussa  maakohtaisista laeista, jotka liittyvät jakeluun tai sovelluksen myyntiin näihin maihin sekä kotimaahasi.)"
"* - field is required","* - on pakollinen"
"*Subject to change","*Subject to change"
"1. Please select type of the action:","1. Please select type of the action:"
"10:40 AM","10:40 AM"
"2. Please select a page","2. Valitse sivu"
"2. Type Category Name","2. Type Category Name"
"2. Type Product Name","2. Anna tuotteen nimi"
"80px x 80px","80px x 80px"
"80x80 px","80x80 px"
"<a href=""%s"" target=""_blank"">Login</a> to Urban Airship.","<a href=""%s"" target=""_blank"">Login</a> to Urban Airship."
"A Catalog Only App will not support functions such as add to cart, add to wishlist, or login.","Vain luettelo -sovellus ei tue toimintoja kuten ostoskoriin tai kauppalistaan lisäys tai sisäänkirjautuminen."
"A new password has been sent.","Uusi salasana on lähetetty."
"About","About"
"Access forbidden","Pääsy estetty"
"Account","Tili"
"Account Information","Tilin tiedot"
"Account Settings","Tilin asetukset"
"Account confirmation is required. Please check your email for the confirmation link.","Tilin avaamiseen vaaditaan sähköpostiosoitteen vahvistaminen. Sähköpostiisi on lähetetty varmistuslinkin sisältävä sähköposti."
"Account information has been saved.","Tilitiedot on tallennettu."
"Action","Toiminto"
"Action type does't recognized","Action type does't recognized"
"Action type does't recognized.","Action type does't recognized."
"Action type doesn't recognized.","Action type doesn't recognized."
"Activate","Ota käyttöön"
"Activate PayPal Checkout","Ota käyttöön PayPal -maksutapa"
"Activate PayPal MECL","Ota käyttöön PayPal MECL -maksutapa"
"Activation Key","Aktivointiavain"
"Add","Lisää"
"Add Action","Lisää toiminto"
"Add Address from Contacts","Lisää osoite yhteystiedoista"
"Add App","Lisää sovellus"
"Add Custom","Add Custom"
"Add New Address","Lisää uusi osoite"
"Add New Template","Lisää uusi pohja"
"Add Page","Lisää sivu"
"Add To Wishlist","Lisää kauppalistaan"
"Add a billing address","Lisää maksuosoite"
"Add a shipping address","Lisää toimitusosoite"
"Add to Cart","Lisää ostoskoriin"
"Add to Wishlist","Lisää kauppalistaan"
"Adding Product to Cart...","Lisätään tuote ostoskoriin..."
"Adding Product to WishList...","Lisätään tuote kauppalistalle..."
"Additional Address","Ylimääräinen osoite"
"Additional Info","Lisätiedot"
"Address","Osoite"
"Address 2","Osoite 2"
"Address Book","Osoitekirja"
"Address Book Updated","Osoite on päivitetty"
"Address Info","Osoitetiedot"
"Address book is empty","Osoitekirja on tyhjä"
"Address data not specified.","Osoitetietoa ei ole määritelty."
"Address does not belong to this customer.","Osoite ei kuulu tälle asiakkaalle."
"Address has been deleted.","Osoite on poistettu."
"Address has been saved.","Osoite on tallennettu."
"Admin Application Settings","Ylläpitosovellus"
"Admin Mobile Application","Ylläpidon mobiilisovellus"
"Admin application has not been enabled","Admin application has not been enabled"
"Administrative contact for this app and for app submission issues.","Ylläpidon yhteystieto tähän sovellukseen ja sovelluksen lähetykseen liittyviin kysymyksiin."
"Advanced Settings","Lisäasetukset"
"After submitting the App to Magento, please contact <a href=""mailto:%1$s"">%1$s</a> to receive the Application Key, Application Secret and Application Master Secret.","Lähetettyäsi sovelluksen Magentoon, ota yhteyttä osoitteeseen <a href=""mailto:%1$s"">%1$s</a> saadaksesi aktivointiavaimen, Application Secret ja Application Master Secret."
"AirMail Message Queue","AirMail Message Queue"
"AirMail Messages Queue","AirMail Messages Queue"
"AirMail Template Preview","AirMail mallipohjan esikatselu"
"AirMail message","AirMail viesti"
"AirMail templates","AirMail mallipohjat"
"All Allowed Countries","Kaikki sallitut maat"
"All Images","Kaikki kuvat"
"All locations","Kaikki sijainnit"
"Amount","Summa"
"Amount in %@","Amount in %@"
"Amounts","Liikevaihto"
"An account with this email address already exists.","Sähköpostiosoitteella on jo tili."
"An error occurred while adding item to wishlist.","Lisättäessä tuotetta kauppalistaan tapahtui virhe."
"An error occurred while deleting the address.","Osoitetta poistettaessa tapahtui virhe."
"An error occurred while loading categories.","Luokkia noudettaessa tapahtui virhe."
"An error occurred while loading category filters.","Luokkien suodattimia noudettaessa tapahtui virhe."
"An error occurred while loading configuration.","An error occurred while loading configuration."
"An error occurred while loading localization.","An error occurred while loading localization."
"An error occurred while loading login form.","Kirjautumislomaketta noudettaessa tapahtui virhe."
"An error occurred while loading wishlist.","Kauppalistaa noudettaessa tapahtui virhe."
"An error occurred while processing your order. Please contact us or try again later.","Tilausta käsiteltäessä tapahtui virhe. Ota yhteyttä asiakaspalveluun tai yritä myöhemmin uudestaan."
"An error occurred while processing your request.","Pyyntöä käsiteltäessä tapahtui virhe."
"An error occurred while removing item from wishlist.","Poistettaessa tuotetta kauppalistalta tapahtui virhe."
"An error occurred while removing items from wishlist.","Poistettaessa tuotteita kauppalistalta tapahtui virhe."
"Analytics","Analyysit"
"Android","Android"
"Android doesn't support AirMail message type.","Android doesn't support AirMail message type."
"App Background","Sovelluksen tausta"
"App Background (landscape mode)","Sovelluksen tausta (vaaka)."
"App Background (landscape mode).","Sovelluksen tausta (vaaka)."
"App Background (portrait mode)","Sovelluksen tausta (pysty)."
"App Background (portrait mode).","Sovelluksen tausta (pysty)."
"App Background image missing.","Sovelluksen taustakuva puuttuu."
"App Code","Sovelluksen tunnus"
"App Information","Sovelluksen tiedot"
"App Name","Sovelluksen nimi"
"App Stores","Sovelluksen kaupat"
"App Submission History","Sovelluksen lähetyshistoria"
"App Title","Sovelluksen otsikko"
"App code","Sovelluksen tunnus"
"App code required.","Sovelluksen koodi on pakollinen."
"App does not exist.","Sovellusta ei ole."
"App has been deleted.","Sovellus on poistettu."
"App has been saved.","Sovellus on tallennettu."
"App has been submitted.","Sovellus on lähetetty."
"App model not loaded.","App model not loaded."
"App with specified code does not exist.","Määritellyllä tunnuksella ei löydy sovellusta."
"Appears in the info section of your app (example: Copyright 2010 ‚Äì Your Company, Inc.)","Ilmestyy sovelluksen tieto-osioon (esimerkiksi: Tekijänokeudet 2013 ‚Äì Yrityksesi nimi)"
"Application","Sovellus"
"Application Key","Ohjelmistoavain"
"Application Master Secret","Application Master Secret"
"Application Name","Sovelluksen nimi"
"Application Secret","Application Secret"
"Application doesn't exist.","Sovellusta ei löydy."
"Apply","Ota käyttöön"
"Applying Coupon Code","Kuponkikoodin lisääminen"
"Applying Gift Card %@","Lahjakortin %@ lisääminen"
"Are you sure you want to cancel a message?","Perutaanko viesti?"
"Are you sure you want to cancel selected records?","Are you sure you want to cancel selected records?"
"Are you sure you want to delete a message?","Poistetaanko viesti?"
"Are you sure you want to delete selected records?","Are you sure you want to delete selected records?"
"Are you sure you want to delete this theme? This change will affect all applications.","Poistetaanko tämä teema? Tämä muutos vaikuttaa kaikkiin sovelluksiin."
"Are you sure you want to do this?","Haluatko varmasti tehdä tämän?"
"Are you sure you want to remove this item?","Are you sure you want to remove this item?"
"As Low As","Niin alhainen kuin"
"As Low Excl. Tax","As Low Excl. Tax"
"As Low Incl. Tax","As Low Incl. Tax"
"As a Magento customer, Urban Airship is offering you unlimited Push Notifications and Rich Push for $100/year* along with a 60 day free trial.","Magenton asiakkaana, Urban Airship tarjoaa rajoittamattomat 'Push'-ilmoitukset ja 'Rich Push' -toiminnon hintaan $100/vuosi ja 60 päivän ilmaisen koeajan."
"As low as","Niin alhainen kuin"
"As low as excl. tax","As low as excl. tax"
"As low as incl. tax","As low as incl. tax"
"At last one application has to be created.","Vähintään yksi sovellus täytyy lisätä."
"At least one option should be selected","Vähintään yksi vaihtoehto täytyy valita"
"Authentication complete.","Vahvistus on valmis."
"Authentication to %@ did failed...","Authentication to %@ did failed..."
"Average Order Amount","Tilausten keskihinta"
"Average Orders","Keskimääräinen tilaus"
"Average Rating","Arvioiden keskiarvo"
"Back","Takaisin"
"Back to App Edit","Takaisin sovelluksen muokkaamiseen"
"Background Color","Taustaväri"
"Balance","Saldo"
"Balance Change","Balance Change"
"Balance History","Saldohistoria"
"Banner on Home Screen","Kotisivun banneri"
"Banner on Home Screen (landscape mode)","Kotisivun bannerikuva (vaaka)"
"Banner on Home Screen (landscape mode) image missing.","Kotisivun bannerikuva (vaaka) puuttuu."
"Banner on Home Screen (portrait mode)","Kotisivun bannerikuva (pysty)"
"Banner on Home Screen (portrait mode) image missing.","Kotisivun bannerikuva (pysty) puuttuu."
"Banner on Home Screen image missing.","Kotisivun bannerikuva puuttuu."
"Banners on Home Screen","Kotisivun bannerit"
"Best Sellers","Parhaiten myydyt"
"Billing","Laskutus"
"Billing Address","Maksuosoite"
"Billing address","Maksuosoite"
"Billing address has been set.","Maksuosoite on asetettu."
"Bundle Products","Yhdistelmätuotteet"
"Buy %1$s for %2$s","Osta %1$s hintaan %2$s"
"Buy %1$s for %2$s (%3$s incl. tax) each","Osta %1$s hintaan %2$s (%3$s verollinen) / kpl"
"Buy %1$s for %2$s each","Osta %1$s hintaan %2$s / kpl"
"Buy %1$s with %2$s discount each","Osta %1$ tuotteiden %2$ kanssa, jolloin saat jokaisesta alennusta"
"Buy More & Save","Säästät ostamalla enemmän"
"Buyer country is not allowed by store.","Asiakkaan maa ei ole hyväksytty kaupassa."
"CMS Page","CMS sivu"
"CMS Pages haven't been found.","CMS sivuja ei löydy."
"Cache Lifetime (seconds)","Välimuistin elinaika (sekunteina)"
"Cache Management","Välimuisti"
"Can't add item to shopping cart.","Tuotetta ei voi lisätä ostoskoriin."
"Can't apply the coupon code.","Kuponkia ei voi lisätä."
"Can't copy file ""%s"" to ""%s"".","Tiedostoa ""%s"" ei voi kopioida kohteeseen ""%s""."
"Can't create wishlist.","Kauppalistaa ei voi tehdä."
"Can't delete ""%s"" theme.","Teemaa ""%s"" ei voi poistaa."
"Can't load XML.","XML ei voi noutaa."
"Can't load admin application settings.","Can't load admin application settings."
"Can't load application with id ""%s""","Can't load application with id ""%s"""
"Can't load cart info.","Can't load cart info."
"Can't load cart.","Ostoskoria ei voi noutaa."
"Can't load customer form.","Can't load customer form."
"Can't load default themes.","Oletusteemaa ei voi noutaa."
"Can't load selected theme. Please check your media folder permissions.","Valittua teemaa ei voi noutaa. Tarkista media-kansion oikeudet."
"Can't load template with id ""%s""","Can't load template with id ""%s"""
"Can't open submission form.","Can't open submission form."
"Can't read file ""%s"".","Tiedostoa ""%s"" ei voi lukea."
"Can't remove the item.","Can't remove the item."
"Can't reset theme.","Teemaa ei voi nollata."
"Can't save address.","Osoitetta ei voi tallentaa."
"Can't save the customer.","Asiakasta ei voi tallentaa."
"Can't save theme.","Teemaa ei voi tallentaa."
"Can't show configuration.","Asetuksia ei voi näyttää."
"Can't specify product.","Can't specify product."
"Can't submit application.","Can't submit application."
"Can't update cart.","Ostoskoria ei voi päivittää."
"Can't write to file ""%s"".","Tiedostoon ""%s"" ei voi kirjoittaa."
"Cancel","Peruuta"
"Canceled","Peruttu"
"Canceling PayPal ...","Peruutetaan PayPal..."
"Cancelled","Peruttu"
"Cannot apply gift card.","Lahjakorttia ei voi lisätä."
"Cannot configure product.","Tuotetta ei voi muuttaa."
"Cannot load theme ""%s"".","Teemaa ""%s"" ei voi noutaa."
"Cannot redeem Gift Card.","Cannot redeem Gift Card."
"Cannot remove gift card.","Lahjakorttia ei voi poistaa."
"Cannot save theme ""%s"". Incorrect data received","Teemaa ''''%s'''' ei voi tallentaa. Vastaanotettiin virheellistä tietoa"
"Cannot update the item.","Tuotetta ei voi päivittää."
"Card Verification Number","Kortin varmennusnumero"
"Card verification number is wrong","Kortin varmennusnumero on väärin."
"Carrier","Operaattori"
"Cart","Ostoskori"
"Cart Updated","Ostoskori päivitetty"
"Cart has been updated.","Ostoskori on päivitetty."
"Cart has some errors.","Ostoskorissa on joitain virheitä."
"Cart is empty.","Ostoskori on tyhjä."
"Catalog Only App?","Vain luettelo -sovellus?"
"Category","Luokka"
"Category Button Color","Luokkapainikkeen väri"
"Category Item Background Color","Luokan kohteen taustaväri"
"Cc:","Cc:"
"Chairs","Chairs"
"Change Orientation","Vaihda suuntaa"
"Change Password","Vaihda salasana"
"Changes have been saved to theme.","Muutokset on tallennettu teemaan."
"Check","Check"
"Check Gift Card","Check Gift Card"
"Check Gift Card Promo Redeemed","Check Gift Card Promo Redeemed"
"Checking Gift Card %@","Checking Gift Card %@"
"Checkout","Kassa"
"Checkout Page Registration","Checkout Page Registration"
"Checkout as Guest","Osta rekisteröitymättä"
"Checkout as Guest or Register","Osta rekisteröitymättä tai luo oma tili"
"Checkout has been initialized.","Checkout has been initialized."
"Checkout initialization...","Checkout initialization..."
"Checkout initialized!","Checkout initialized!"
"Choose Store View","Valitse kauppanäkymä"
"Choose amount","Valitse määrä"
"Choose file","Valitse tiedosto"
"City","Postitoimipaikka"
"Clear","Tyhjennä"
"Close","Sulje"
"Color Themes","Väriteemat"
"Colors","Värit"
"Commiting updates...","Commiting updates..."
"Company","Yritys"
"Completed","Valmis"
"Configuration data have been saved","Configuration data have been saved"
"Configure Cart Item","Muuta ostoskorin tuotetta"
"Confirm New Password","Vahvista uusi salasana"
"Confirm Password","Vahvista salasana"
"Connecting","Yhdistetään"
"Connection Error\nWe're sorry. The app is experiencing connection problems. The app requires a network connection to operate.","Yhteysvirhe. Sovellus tarvitsee yhteyden toimiakseen."
"Contact Email","Yhteydenottosähköposti"
"Contact Information","Yhteystiedot"
"ContactsAreEmpty","ContactsAreEmpty"
"Container is not defined.","Container is not defined."
"Content","Sisältö"
"Continue","Jatka"
"Copyright","Tekijänoikeudet"
"Copyright Page Logo","Tekijänoikeussivun logo"
"Copyright Page Logo (iPhone 4 retina)","Copyright Page Logo (iPhone 4 retina)"
"Copyright: Magento (c) 2010","Tekijänoikeus: Magento (c) 2010"
"Countries","Maat"
"Countries Payment Applicable From","Maksu sallitaan maista"
"Country","Maa"
"Country options don't recognized for ""%s"".","Country options don't recognized for ""%s""."
"Coupon code %s is not valid.","Kuponki %s ei kelpaa."
"Coupon code %s was applied.","Kuponkikoodi %s on lisätty."
"Coupon code is empty.","Kuponkikoodi on tyhjä."
"Coupon code was canceled.","Kuponkikoodi on peruttu."
"Create Account","Luo tili"
"Create an Account","Luo oma tili"
"Creating a Template is allowed only for applications which have device type iPhone.","Mallipohjan lisääminen on sallittu vain sovelluksille, joiden laitetyyppinä on iPhone."
"Credit Card","Luottokortti"
"Credit Card %s","Luottokortti %s"
"Credit Card Number","Luottokortin numero"
"Credit Card Type","Luottokorttityyppi"
"Credit card number does not match credit card type.","Luottokortin numero ei täsmää luottokortin tyypin kanssa."
"Cross Sells","Cross Sells"
"Current Balance: %s","Tämänhetkinen saldo: %s"
"Current Password","Nykyinen salasana"
"Currently, the system does not support the viewing of the order detail.","Currently, the system does not support the viewing of the order detail."
"Custom App Icon","Mukailtu sovelluksen ikoni"
"Custom App Icon (iPhone 4 retina)","Custom App Icon (iPhone 4 retina)"
"Custom Colors","Mukaillut värit"
"Custom amount","Custom amount"
"Customer","Asiakas"
"Customer Name","Asiakkaan nimi"
"Customer authentication problem.","Asiakkaan todentamisvirhe."
"Customer balance available in enterprise version of Magento only.","Asiakkaan saldo on käytettävissä vain Magento Enterprise -versiossa."
"Customer balance is disabled for current store","Asiakkaan saldo on pois käytöstä nykyisessä kaupassa."
"Customer email not specified.","Asiakkaan sähköpostiosoitetta ei ole määritelty."
"Customer logout problem.","Asiakkaan ulkoskirjaumisongelma."
"Customer not logged in.","Asiakas ei ole kirjautunut sisään."
"Customers","Asiakkaat"
"DD","PP"
"Date","Päivämäärä"
"Date Created","Lisätty"
"Date Submitted","Lähetetty"
"Date Updated","Päivitetty"
"Date:","Päivämäärä:"
"Day","Päivä"
"Deeper Messaging and Engagement with Rich Push.","Deeper Messaging and Engagement with Rich Push."
"Default Billing Address","Oletusmaksuosoite"
"Default Shipping Address","Oletustoimitusosoite"
"Default Theme","Oletusteema"
"Default themes are missed.","Oletusteemoja ei löydy."
"Delete","Poista"
"Delete Action","Poista toiminto"
"Delete theme","Poista teema"
"Deleted","Poistettu"
"Description","Kuvaus"
"Description that appears in Android Market. %s chars maximum. ","Android Marketissa näkyvä kuvaus. Enintään  %s merkkiä. "
"Description that appears in the iTunes App Store. %s chars maximum. ","iTunes App -kaupassa näkyvä kuvaus. Enintään %s merkkiä. "
"Deselect All","Poista valinta kaikista"
"Design","Ulkoasu"
"Device","Laite"
"Device Information","Laitteen tiedot"
"Device Type","Laitteen tyyppi"
"Device doesn't recognized","Laitetta ei tunnisteta"
"Device doesn't recognized. Unable to load a template.","Laitetta ei tunnisteta. Mallipohjaa ei voida noutaa."
"Device doesn't recognized: ""%s"". Unable to load a helper.","Device doesn't recognized: ""%s"". Unable to load a helper."
"Device doesn't recognized: ""%s"". Unable to load preview model.","Device doesn't recognized: ""%s"". Unable to load preview model."
"Device type doesn't recognized.","Laitteen tyyppiä ei tunnisteta."
"Discount code is empty","Alennuskuponki on tyhjä"
"Discount:","Alennus:"
"Done","Tehty"
"Downloadable Products Updated","Ladattavat tuotteet päivitetty"
"Downloads limit:","Latausten rajoitus:"
"E-mail","Sähköposti"
"Edit","Muokkaa"
"Edit Action","Muokkaa toimintoa"
"Edit Address","Muuta osoitetta"
"Edit AirMail Message","Muokkaa AirMail viestiä"
"Edit AirMail Message Queue #%s","Edit AirMail Message Queue #%s"
"Edit App ""%s""","Muokkaa sovellusta ""%s"""
"Edit Filter","Muokkaa suodatinta"
"Edit Image","Muokkaa kuvaa"
"Edit Mail List","Muokkaa sähköpostilistaa"
"Edit Template ""%s""","Muokkaa mallipohjaa ""%s"""
"Edit filter","Muokkaa suodatinta"
"Edit note","Edit note"
"Either remote URL or application code was not set. Please make sure you filled all the values and try again.","Either remote URL or application code was not set. Please make sure you filled all the values and try again."
"Element with id %s already exists","Tunnisteella %s on jo olemassa elementti."
"Email","Sähköposti"
"Email Address","Sähköpostiosoite"
"Email address you provided is not valid. Please provide a valid one.","Annettu sähköpostiosoite ei ole oikein. Lisää toimiva sähköpostiosoite."
"Email is not correct","Sähöpostiosoite on virheellinen"
"Email is not specified","Sähköpostia ei ole määritelty"
"Enable Admin Application","Ota käyttöön ylläpidon sovellus"
"Enable AirMail Message Push notification","Enable AirMail Message Push notification"
"Enable Facebook","Ota käyttöön Facebook"
"Enable Flurry Analytics","Ota käyttöön Flurry Analytics"
"Enable Flurry Analytics for the merchant.","Ota käyttöön kauppiaalle Flurry Analytics"
"Enable LinkedIn","Ota käyttöön LinkedIn"
"Enable Standard Checkout","Ota käyttöön tavanomainen maksaminen"
"Enable Twitter","Ota käyttöön Twitter"
"Enter Name","Anna nimi"
"Enter discount code first.","Enter discount code first."
"Enter discount code if any","Enter discount code if any"
"Enter e-mail","Anna sähköpostiosoite"
"Enter giftcard promo code here","Enter giftcard promo code here"
"Enter text","Anna teksti"
"Enter the gift card code","Enter the gift card code"
"Error","Virhe"
"Error Loading Configuration Format","Error Loading Configuration Format"
"Error during shortening url","Lyhennettäessä URL-osoitetta tapahtui virhe."
"Error message text is missed.","Virheviestin teksti puuttuu."
"Error while processing file ""%s"".","Tiedostoa ""%s"" käsiteltäessä tapahtui virhe."
"Error while reading data from Payment Bridge. Please, try again.","Error while reading data from Payment Bridge. Please, try again."
"Error while reading remote data","Luettaessa etätietoa tapahtui virhe."
"Error while uploading file ""%s"".","Tiedostoa ""%s"" noudettaessa tapahtui virhe."
"Error while uploading file ""%s"". Disallowed file type. Only ""jpg"", ""jpeg"", ""gif"", ""png"" are allowed.","Tiedostoa ""%s"" noudettaessa tapahtui virhe. Virheellinen tiedostotyyppi. Vain ""jpg"",""jpeg"",""gif"" ja ""png"" ovat sallittuja."
"Excl. Tax","Veroton"
"Expiration Date - Month","Viimeinen voimassaoloaika - kuukausi"
"Expiration Date - Year","Viimeinen voimassaoloaika - Vuosi"
"Expires: %s","Viimeinen voimassaoloaika: %s"
"Extend the life of your app with Urban Airship Push Notifications.","Extend the life of your app with Urban Airship Push Notifications."
"Extensions","Laajennukset"
"FILTERS APPLIED","SUODATTIMET KYTKETTY"
"Facebook","Facebook"
"Facebook API","Facebook API"
"Facebook Application ID","Facebook -sovelluksen tunniste"
"Facebook post failed...","Facebook post failed..."
"Fax","Faksi"
"File can't be uploaded.","Tiedostoa ei voi noutaa."
"File doesn't exist ""%s"".","File doesn't exist ""%s""."
"Filter","Suodatin"
"Filters","Suodattimet"
"First Name","Etunimi"
"Fixed amounts","Fixed amounts"
"Flurry API Code","Flurry API Code"
"Flurry Analytics","Flurry Analytics"
"Flurry Analytics Site","Flurry Analytics Site"
"Fonts","Fontit"
"Forgot Password","Unohtunut salasana"
"Forgot Password?","Salasana unohtunut?"
"Forgot your password?","Salasana unohtunut?"
"Form","Lomake"
"Free","Ilmainen"
"From","Alkaen"
"From Excl. Tax","From Excl. Tax"
"From Incl. Tax","From Incl. Tax"
"From excl. tax","From excl. tax"
"From incl. tax","From incl. tax"
"Full Description","Täydellinen kuvaus"
"Funk Leaf","Funk Leaf"
"Gallery","Galleria"
"General","Yleinen"
"Generate Offline Catalog","Generate Offline Catalog"
"Get Content from CMS Page","Nouda sisältö CMS-sivulta"
"Gift Card ""%s"" was added.","Lahjakortti ""%s"" on lisätty."
"Gift Card ""%s"" was redeemed.","Gift Card ""%s"" was redeemed."
"Gift Card ""%s"" was removed.","Lahjakortti ""%s"" on poistettu."
"Gift Card (%s)","Lahjakortti (%s)"
"Gift Card amount applied to order: %s","Tilaukseen liitetyn lahjakortin arvo on %s"
"Gift Card code is empty.","Lahjakortin koodi on tyhjä."
"Gift Card: %s","Lahjakortti: %s"
"Gift card account available in enterprise version of Magento only.","Lahjakorttitili on käytettävissä vain Magento Enterprise -versiossa."
"Giftcard promo code","Giftcard promo code"
"Grand Total","Loppusumma"
"Grand Total (Excl. Tax)","Loppusumma (veroton)"
"Grand Total (Incl. Tax)","Loppusumma (verollinen)"
"Guest","Vieras"
"Header Background Color","Ylätunnisteen taustaväri"
"Header Font Color","Ylätunnisteen fonttiväri"
"High Resolution Application Icon","Korkearesoluutioisen sovelluksen kuvake"
"Home","Etusivu"
"Hot Red","Kuuman punainen"
"How do you rate this product?","Miten arvioit tämän tuotteen?"
"How to incorporate Urban Airship within your application:","How to incorporate Urban Airship within your application:"
"I Agree","Hyväksyn"
"I agree to the Terms and Conditions","Hyväksyn ehdot"
"ID","Tunniste"
"Icon that will appear on the user's device after they download your app.","Kuvake joka ilmestyy asiakkaan laitteeseen hänen noudettuaan sovelluksen."
"Icon that will appear on the user's device after they download your app. You do not need to apply a gradient or soft edges (this is done automatically by Apple).","Kuvake joka ilmestyy käyttäjän laitteeseen kun he ovat ladanneet sovelluksen. Liukuvärillisiä tai pehmennettyjä reunoja ei tarvitse lisätä (Apple tekee sen automaattisesti)."
"Icon that will appear on the user's phone after they download your app.  You do not need to apply a gradient or soft edges (this is done automatically by Apple).","Kuvake joka ilmestyy käyttäjän puhelimeen kun he ovat ladanneet sovelluksen. Liukuvärillisiä tai pehmennettyjä reunoja ei tarvitse lisätä (Apple tekee sen automaattisesti)."
"Icon that will appear on the user's phone after they download your app. You do not need to apply a gradient or soft edges (this is done automatically by Apple).","Kuvake joka ilmestyy käyttäjän puhelimeen kun he ovat ladanneet sovelluksen. Liukuvärillisiä tai pehmennettyjä reunoja ei tarvitse lisätä (Apple tekee sen automaattisesti)."
"Icons","Kuvakkeet"
"If leave this field empty, the message will be sent immediately","Tyhjänä viesti lähetetään välittömästi"
"If you want to disable the cache on the application side, leave the field empty. Warning! When disabling cache, the application will take time to load each page.","Jos haluat kytkeä välimuistin pois sovelluksista, jätä kenttä tyhjäksi. Varoitus! Sivut latautuvat hitaammin kun välimuisti ei ole käytössä."
"Image %s is required.","Kuva %s on pakollinen."
"Image action has been saved.","Image action has been saved."
"Image does not exist. Please reload this page.","Kuvaa ei ole. Lataa tämä sivu uudestaan."
"Image file was not found.","Kuvatiedostoa ei löydy."
"Image has been deleted.","Kuva on poistettu."
"Image id is required.","Image id is required."
"Image limits don't recognized for ""%s"" image type","Image limits don't recognized for ""%s"" image type"
"Image that appears on first screen while your app is loading.","Kuva joka ilmestyy ensimmäiseen näyttöön kun sovellusta noudetaan. "
"Image type doesn't recognized: ""%s"".","Kuvan tyyppiä ei tunnisteta: ""%s""."
"Image type is required.","Kuvan tyyppi on pakollinen."
"Images","Kuvat"
"Images order has been updated.","Kuvien järjestys on päivitetty."
"In Queue","Jonossa"
"In Stock","Varastossa"
"In addition, click here to review Urban Airship's Terms of Service: <a href=""%s"" target=""_blank"">click here</a>.","In addition, click here to review Urban Airship's Terms of Service: <a href=""%s"" target=""_blank"">click here</a>."
"In order to resubmit your app, you need to first purchase a <a href=""%s"" target=""_blank"">%s</a> from MagentoCommerce","Voidaksesi ottaa sovelluksen uudestaan käyttöön, sinun täytyy ensiksi ostaa <a href=""%s"" target=""_blank"">%s</a> Magentolta"
"In order to submit your app, you need to first purchase a <a href=""%s"" target=""_blank"">%s</a> from MagentoCommerce","Voidaksesi ottaa sovelluksen käyttöön, sinun täytyy ensiksi ostaa <a href=""%s"" target=""_blank"">%s</a> Magentolta"
"Inactive Tabs","Käyttämättömät välilehdet"
"Incl. Tax","Verollinen"
"Incl. tax","Verollinen"
"Initialization PayPal ...","Initialization PayPal ..."
"Initialization of the PayPal checkout failed!","Initialization of the PayPal checkout failed!"
"Invalid XML.","Virheellinen XML"
"Invalid current password.","Salasana on väärä."
"Invalid customer data.","Asiakastiedot ovat virheellisiä."
"Invalid data.","Tieto on virheellinen."
"Invalid email address.","Sähköpostiosoite on virheellinen."
"Invalid item or wishlist.","Tuote tai kauppalista on virheellinen."
"Invalid login or password.","Sähköpostiosoite tai salasana on väärin tai et ole rekisteröitynyt  kauppaamme luomalla omaa tiliä."
"Invalid shipping method.","Toimitustapa on virheellinen."
"Issue Number","Tapahtumanumero"
"It's not allowed to delete submitted application.","Lähetettyjä sovelluksia ei voi poistaa."
"Item","Tuote"
"Item Options","Item Options"
"Item has been added to cart.","Tuote on lisätty ostoskoriin."
"Item has been deleted from cart.","Tuote on poistettu ostoskorista."
"Item has been removed from wishlist.","Tuote on poistettu kauppalistalta."
"Items","Tuotteet (lkm)"
"Items were updated. But can't update wishlist.","Items were updated. But can't update wishlist."
"Keep your image size below %s KB for optimal performance.","Optimaalinen kuva on alle %s Kt."
"Key","Avain"
"Keywords","Asiasanat"
"Label","Nimi"
"Landscape app Background","Vaakasovelluksen tausta"
"Landscape banners on Home Screen","Vaakabannerit kotisivulla"
"Large iTunes Icon","Suuri iTunes kuvake"
"Large icon that appears in the iTunes App Store. You do not need to apply a gradient or soft edges (this is done automatically by Apple).","Suuri kuvake joka ilmestyy iTunes App Storeen. Liukuvärillisiä tai pehmennettyjä reunoja ei tarvitse lisätä (Apple tekee sen automaattisesti)."
"Last 5 Orders","Viimeiset 5 tilausta"
"Last 5 Search Terms","Viimeiset 5 hakusanaa"
"Last Name","Sukunimi"
"Last update: %@","Viimeisin päivitys: %@"
"Lifetime Sales","Myynti alusta asti"
"LindedIn","LindedIn"
"Link:","Linkki:"
"LinkedIn","LinkedIn"
"LinkedIn API","LinkedIn API"
"LinkedIn API Key","LinkedIn API-avain"
"LinkedIn Authorization","LinkedIn Authorization"
"LinkedIn Autorization","LinkedIn Autorization"
"LinkedIn Secret Key","LinkedIn salausavain"
"Linkedin post failed...","Linkedin post failed..."
"List of downloadable products is empty","Ladattavien tuotteiden luettelo on tyhjä"
"Load more items","Load more items"
"Loader Splash Screen","Loader Splash Screen"
"Loader Splash Screen (iPhone 4 retina)","Loader Splash Screen (iPhone 4 retina)"
"Loader Splash Screen (landscape mode)","Loader Splash Screen (landscape mode)"
"Loader Splash Screen (portrait mode)","Loader Splash Screen (portrait mode)"
"Loading %@...","Ladataan %@..."
"Loading Account Form...","Loading Account Form..."
"Loading Address Book...","Noudetaan osoitekirjaa..."
"Loading Address Form...","Noudetaan osoitelomaketta..."
"Loading CMS page ...","Noudetaan CMS sivua..."
"Loading Cart...","Noudetaan ostoskoria..."
"Loading Gallery...","Noudetaan galleriaa..."
"Loading Login Form...","Noudetaan kirjautumislomaketta..."
"Loading My Downloadable Products...","Noudetaan omia ladattavia tuotteita..."
"Loading Order Details","Noudetaan tilauksen tietoja"
"Loading Orders List...","Noudetaan tilausluetteloa..."
"Loading Preview...","Noudetaan esikatselua..."
"Loading Product Options...","Noudetaan tuotteen vaihtoehtoja..."
"Loading Products...","Noudetaan tuotteita..."
"Loading Registration Form...","Noudetaan rekisteröitymislomaketta..."
"Loading Restore Password Form...","Noudetaan salasanan palautuslomaketta..."
"Loading Store Credit...","Loading Store Credit..."
"Loading WishList...","Noudetaan kauppalistaa..."
"Loading Write Review Form...","Noudetaan arvostelulomaketta..."
"Loading category ...","Noudetaan luokkaa..."
"Loading more items...","Noudetaan lisää tuotteita..."
"Loading product ...","Noudetaan tuotetta..."
"Loading shipping methods ...","Noudetaan toimitustapoja..."
"Loading...","Noudetaan..."
"Locations","Sijainnit"
"Log In","Kirjaudu sisään"
"Log Out","Kirjaudu ulos"
"Log in to Admin Panel","Verkkokaupan ylläpitoon kirjautuminen"
"Log into Account","Kirjaudu sisään"
"Log into your account","Kirjaudu sisään"
"Log out Account","Kirjaudu ulos"
"LogInMessageTitle","LogInMessageTitle"
"Login and password are required.","Sähköpostiosoite ja salasana ovat pakollisia."
"Logo in Header","Ylätunnisteen logo"
"Logo in Header image missing.","Ylätunnisteen logo puuttuu."
"Logout complete.","Uloskirjautuminen on valmis."
"MEP is PayPal's native checkout experience for the iPhone. You can choose to use MEP alongside standard checkout, or use it as your only checkout method for Magento mobile. PayPal MEP requires a <a href=""%s"">PayPal business account</a>","MEP is PayPal's native checkout experience for the iPhone. You can choose to use MEP alongside standard checkout, or use it as your only checkout method for Magento mobile. PayPal MEP requires a <a href=""%s"">PayPal business account</a>"
"MM","KK"
"Mailbox title","Postilaatikon otsikko"
"Main Tabs","Päävälilehdet"
"Make Inactive","Poista käytöstä"
"Make this app available in the following territories","Aseta tämä sovellus saataville seuraavilla alueilla"
"Manage Apps","Sovellukset"
"Manage Mobile App","Mobiilisovellukset"
"Maximum length is 140","Enimmäispituus on 140"
"Maximum length is 255","Enimmäispituus on 255"
"Maximum size: %s KB.","Suurin koko: %s Kt."
"Maximum: %.2f","Suurin: %.2f"
"Merchant Label","Kauppiaan nimike"
"Merge","Merge"
"Message","Viesti"
"Message Queue","Viestijono"
"Message Settings","Viestiasetukset"
"Message Templates","Viestimallipohjat"
"Message Title","Viestin otsikko"
"Message Type","Viestityyppi"
"Message can be edited when status of the message is ""In Queue"" only.","Viestiä voidaan muokata vain kun viestin tila on ""Jonossa""."
"Message content","Viestin sisältö"
"Message text is missed.","Viestiteksti puuttuu."
"Message title","Viestin otsikko"
"Message too long, please use 140 symbols","Viesti on liian pitkä, enintään 140 merkkiä"
"Message type doesn't recognized","Message type doesn't recognized"
"Minimize","Pienennä"
"Minimum %@, maximum %@","Vähintään %@, enintään %@"
"Minimum: %.2f","Vähintään: %.2f"
"Mobile","Mobiili"
"Mobile Express Checkout has been canceled.","Mobiili Express -maksaminen on peruttu."
"Mobile Express Checkout processed successfully.","Mobiili Express -maksaminen on onnistuneesti suoritettu."
"Month","Kuukausi"
"More","Lisää"
"More Info","Lisää tietoa"
"More Tabs","Lisää välilehtiä"
"Most Viewed Products","Katsotuimmat"
"My Account","Oma tili"
"My Downloadable Products","Omat ladattavat tuotteet"
"My Orders","Tilaukset"
"My Wishlist","Kauppalista"
"Name","Nimi"
"Name on Card","Nimi kortissa"
"Name that appears beneath your app when users install it to their device. We recommend choosing a name that is 10-12 characters and that your customers will recognize. %s chars max.","Nimi joka ilmestyy sovelluksen alle kun asiakas asentaa sitä laitteeseensa. Suosittelemme valitsemaan nimen, joka on 10-12 merkkiä pitkä ja jonka asiakas tunnistaa. Enimmäispituus on %s merkkiä."
"New AirMail Message","Uusi AirMail viesti"
"New AirMail Message Queue","New AirMail Message Queue"
"New App","Uusi sovellus"
"New Customers","Uudet asiakkaat"
"New Password","Uusi salasana"
"New Template","Uusi pohja"
"New to Our Store?","Uusi tässä kaupassa?"
"Nickname","Nimimerkki"
"No","Ei"
"No Payment Information Required","Maksutietoja ei tarvita."
"No Ratings","Ei arvioita"
"No internet connection. Retry later ...","Ei internet yhteyttä. Yritä myöhemmin uudestaan..."
"No items were specifed to update.","Yhtään tuotetta ei määritelty päivitettäväksi."
"No items were updated.","Yhtään tuotetta ei ole päivitetty."
"No product selected.","Yhtää tuotetta ei ole valittu."
"No products found. Please retry with other term","Yhtään tuotetta ei löytynyt. Yritä uudestaan toisella haulla."
"No shipping method required.","Toimitustapaa ei vaadita."
"No such file ""%s"".","Tiedostoa ""%s"" ei ole."
"Not Submitted","Ei lähetetty"
"Note: Image size affects the performance of your app.","Huom! Kuvan koko vaikuttaa sovelluksen tehokkuuteen."
"Notice","Huomio"
"Number of Orders","Tilaukset"
"Number of Uses","Käyttökerrat"
"OK","OK "
"OR, Pay with Standard Checkout","OR, Pay with Standard Checkout"
"Offline Catalog","Ei-yhteyttä luettelo"
"Offline cart stored on server","Offline cart stored on server"
"Offline catalog export complete.","Ei-yhteyttä luettelon vienti valmis."
"Offline catalog export failed.","Ei-yhteyttä luettelon vienti epäonnistui."
"One or more keywords that describe your app. Keywords are matched to users' searches in the App Store and help return accurate search results. Separate multiple keywords with commas. 100 chars is maximum.","Yksi tai useampi avainsana, jotka kuvaavat sovellusta. Asiakkaiden hakiessa App Store -sovelluksia, nämä avainsanat huomioidaan haussa. Erota avainsanat pilkuilla. Enintään 100 merkkiä."
"Onepage checkout is disabled.","Yhden sivun maksaminen on pois käytöstä."
"Only custom theme can be deleted","Vain mukaillun teeman voi poistaa."
"Only default theme can be reset","Vain oletusteema voidaan palauttaa alkuperäiseen."
"Only free apps are allowed in this version.","Vain ilmaiset sovellukset ovat sallittuja tässä versiossa."
"Only registered users can write reviews. Please, log in or register.","Vain rekisteröityneet käyttäjät voivat kirjoittaa arvosteluja. Kirjaudu sisään tai rekisteröidy."
"Open","Avoin"
"Options","Vaihtoehdot"
"Options menu items","Options menu items"
"Order","Tilaus"
"Order #","Tilaus "
"Order #%s - %s","Tilaus %s - %s"
"Order Date: %s","Tilauspäivä: %s"
"Order Details Updated","Tilauksen lisätiedot on päivitetty."
"Order ID","Tilausnumero"
"Order ID:","Tilausnumero:"
"Order Info","Tilauksen tiedot"
"Order List Updated","Tilausluettelo on päivitetty."
"Order Number","Tilausnumero"
"Order Review","Tilauksen tarkastaminen"
"Order canceled","Tilaus on peruttu."
"Order failed","Tilaus epäonnistui"
"Order id is not specified.","Tilauksen tunnistetta ei ole määritelty."
"Order is not available.","Tilaus ei ole saatavilla."
"Ordered","Tilattu"
"Ordered Items","Tilatut tuotteet"
"Orders","Tilaukset"
"Other amount","Other amount"
"Out of Stock","Ei ole varastossa"
"Output format is not specified. Please, specify ""format"" key in constructor, or set it using setFormat().","Output format is not specified. Please, specify ""format"" key in constructor, or set it using setFormat()."
"Overall Activity","Overall Activity"
"POST data is not valid.","POST -tieto ei kelpaa."
"Pages","Sivut"
"Password","Salasana"
"Password fields cannot be empty.","Salasanakentät eivät voi olla tyhjiä."
"Password is not specified","Salasanaa ei ole määritelty."
"Password:","Salasana:"
"PayPal","PayPal"
"PayPal Checkout","PayPal Checkout"
"PayPal MECL is the mobile version of PayPal's Express Checkout service. You can choose to use MECL alongside standard checkout, or use it as your only checkout method for Magento Mobile.","PayPal MECL is the mobile version of PayPal's Express Checkout service. You can choose to use MECL alongside standard checkout, or use it as your only checkout method for Magento Mobile."
"PayPal MEP","PayPal MEP"
"PayPal Mobile Embedded Payment (MEP)","PayPal Mobile Embedded Payment (MEP)"
"PayPal Mobile Express Checkout","PayPal Mobile Express Checkout"
"PayPal Mobile Express Checkout Library (MECL)","PayPal Mobile Express Checkout Library (MECL)"
"PayPal Mobile Express Checkout Token does not exist.","PayPal Mobile Express Checkout Token does not exist."
"Payer Email: %s","Maksajan sähköposti: %s"
"Payment Applicable From","Maksu sallitaan maista"
"Payment Bridge module unavailable.","Payment Bridge module unavailable."
"Payment Information","Maksutavan tiedot"
"Payment Method","Maksutapa"
"Payment Method has been set.","Maksutapa on asetettu."
"Payment Methods","Maksutavat"
"Payment method","Maksutapa"
"Payment method was successfully set.","Maksutapa on asetettu."
"Paypal MEP doesn't support checkout with any discount.","Paypal MEP doesn't support checkout with any discount."
"Place Order","Lähetä tilaus"
"Placing order ...","Tehdään tilausta..."
"Please <a href=""%s"" target=""_blank"">click here</a> to see how to setup and retrieve API credentials.","Please <a href=""%s"" target=""_blank"">click here</a> to see how to setup and retrieve API credentials."
"Please Select Application","Valitse sovellus"
"Please Select Device Type","Valitse laitetyyppi"
"Please agree to all the terms and conditions before placing the order.","Tilaaminen vaatii ehtojen hyväksymisen"
"Please create and save an application first.","Lisää ja tallenna sovellus ensin."
"Please enter ""App Title"".","Kirjoita ""Sovelluksen otsikko""."
"Please enter a valid URL. Protocol is required (http://, https:// or ftp://)","Kirjoita URL-osoite. Vaaditaan protokolla (http://, https:// tai ftp://)"
"Please enter a valid date.","Kirjoita viimeinen voimassaoloaika."
"Please enter a valid email address. For example johndoe@domain.com.","Kirjoita sähköpostiosoite muodossa nimi@osoite.fi"
"Please enter at least one email recipient","Anna vähintään yksi sähköpostin vastaanottaja."
"Please enter issue number or start date for switch/solo card type.","Please enter issue number or start date for switch/solo card type."
"Please enter the Activation Key.","Kirjoita aktivointiavain."
"Please enter the Copyright.","Kirjoita tekijänoikeus."
"Please enter the Description.","Kirjoita kuvaus."
"Please enter the Price.","Kirjoita hinta."
"Please enter the Resubmission Key.","Please enter the Resubmission Key."
"Please enter the Title.","Kirjoita otsikko."
"Please make sure your passwords match.","Tarkista että salasanat täsmäävät."
"Please save application first.","Tallenna sovellus ensin."
"Please select an option.","Valitse jokin vaihtoehto."
"Please select at least one country.","Valitse vähintään yksi maa."
"Please select payment method to cover a quote","Please select payment method to cover a quote"
"Please set email","Lisää sähköposti"
"Please specify payment method","Valitse maksutapa"
"Please specify shipping method","Valitse toimitustapa."
"Please upload  an image for ""App Background (landscape mode)"" field from Design Tab.","Lataa kenttään kuva ""Sovelluksen tausta (vaaka)"" ulkoasu -välilehdestä."
"Please upload  an image for ""App Background (portrait mode)"" field from Design Tab.","Lataa kenttään kuva ""Sovelluksen tausta (pysty)"" ulkoasu -välilehdestä."
"Please upload  an image for ""App Background"" field from Design Tab.","Lataa kenttään kuva ""Sovelluksen tausta"" ulkoasu -välilehdestä."
"Please upload  an image for ""Banner on Home Screen (landscape mode)"" field from Design Tab.","Please upload  an image for ""Banner on Home Screen (landscape mode)"" field from Design Tab."
"Please upload  an image for ""Banner on Home Screen (portrait mode)"" field from Design Tab.","Please upload  an image for ""Banner on Home Screen (portrait mode)"" field from Design Tab."
"Please upload  an image for ""Banner on Home Screen"" field from Design Tab.","Please upload  an image for ""Banner on Home Screen"" field from Design Tab."
"Please upload  an image for ""Logo in Header"" field from Design Tab.","Please upload  an image for ""Logo in Header"" field from Design Tab."
"Please use letters only (a-z or A-Z) in this field.","Käytä vain kirjaimia (a-z tai A-Z) tässä kentässä."
"Please use numbers only in this field. Please avoid spaces or other characters such as dots or commas.","Käytä vain numeroita tässä kentässä. Älä käytä välilyöntejä  tai muita merkkejä kuten pisteitä tai pilkkuja."
"Please use only letters (a-z or A-Z) or numbers (0-9) only in this field. No spaces or other characters are allowed.","Käytä vain kirjaimia (a-z tai A-Z) tai numeroita (0-9) tässä kentässä. Välilyönnit tai muut merkit eivät ole sallittuja."
"Please wait...","Odota..."
"Please, specify gift card amount!","Lisää lahjakortin määrä!"
"Portrait app Background","Pystysovelluksen tausta"
"Portrait banners on Home Screen","Pystybannerit kotisivulla"
"Post data is empty.","Post data is empty."
"Post this product to your wall","Lähetä tämä tuote seinälle"
"Posting to e-mails","Posting to e-mails"
"Preferred size: %spx x %spx.","Preferred size: %spx x %spx."
"Preset Theme","Oletusteema"
"Preview","Esikatselu"
"Price","Hinta"
"Price Font Color","Hinnan fontin väri"
"Price excluding tax","Hinta ilman veroja"
"Price including tax","Verollinen hinta"
"Primary Color","Ensisijainen väri"
"Primary Font Color","Ensisijainen fontin väri"
"Problem changing or sending password.","Salasanan muuttamisessa tai lähettämisessä ilmeni ongelma."
"Proceed to Checkout","Siirry maksamaan"
"Product","Tuote"
"Product Added to Cart","Tuote on lisätty ostoskoriin"
"Product Added to Wishlist","Tuote on lisätty kauppalistalle"
"Product Gallery Updated","Tuotegalleria on päivitetty"
"Product Name3 ","Product Name3 "
"Product Name3 1","Product Name3 1"
"Product Name3 2","Product Name3 2"
"Product Options Updated","Tuotteen vaihtoehdot on päivitetty."
"Product Removed From Wishlist","Tuote on poistettu kauppalistalta."
"Product Reviews Updated","Tuotteen arvostelut on päivitetty."
"Product SKU","Tuotenumero"
"Product Updated","Tuote on päivitetty."
"Product added","Tuote on lisätty."
"Product is out of stock","Tuotetta ei ole varastossa."
"Product is unavailable.","Tuote ei ole saatavilla."
"Product only available on the website.","Tuote on saatavilla ainoastaan kotisivuilla."
"Product succesfully added to cart","Tuote on lisätty ostoskoriin."
"Product was not specified.","Tuotetta ei ole määritelty."
"Product(s) currently out of stock.","Tuote on tällä hetkellä varastosta loppu."
"Products","Tuotteet"
"Pull Down To Update..","Alasvetäminen päivittää..."
"Purchase Order Number","Laskun tilausnumero"
"Push Notification","Push Notification"
"Push Notifications allow you to send messages directly to the people who have installed your app on their device. Send messages to your full audience even when your app is closed. Push Notifications are one of the best ways to keep your app active by delivering valuable content directly to your customers. Learn more about Push Notifications - <a href=""%1$s"" target=""_blank"">%1$s</a>","Push Notifications allow you to send messages directly to the people who have installed your app on their device. Send messages to your full audience even when your app is closed. Push Notifications are one of the best ways to keep your app active by delivering valuable content directly to your customers. Learn more about Push Notifications - <a href=""%1$s"" target=""_blank"">%1$s</a>"
"Push Title","Push Title"
"Push message","Push message"
"Push title","Push title"
"Qty","Kpl"
"Qty:","Määrä:"
"Quantity","Lukumäärä"
"Quantity:","Lukumäärä:"
"Queue Date","Queue Date"
"Queue Message","Queue Message"
"Queue does not exist.","Queue does not exist."
"Queue is allowed only for applications with enabled Push Notification.","Queue is allowed only for applications with enabled Push Notification."
"Quote instance is required.","Quote instance is required."
"Quote item is not found.","Arviokohdetta ei löydy."
"Range param doesn't recognized","Range param doesn't recognized"
"Ratings and Reviews","Arviot ja arvostelut"
"Read the Terms and Conditions","Lue toimitusehdot"
"Recent Activity","Viimeisin toiminta"
"Recipient Information","Vastaanottajan tiedot"
"Recommended size %spx x %spx.","Suositeltava koko %spx x %spx."
"Recommended size: %spx x %spx at %s dpi.","Suositeltava koko: %spx x %spx ja %s dpi."
"Recommended size: %spx x %spx.","Suositeltava koko: %spx x %spx."
"Recover","Recover"
"Redeem","Redeem"
"Redeeming Gift Card %@","Redeeming Gift Card %@"
"Redemption functionality is disabled.","Redemption functionality is disabled."
"Refunded","Hyvitetty"
"Regions","Regions"
"Register","Luo oma tili"
"Registering cart ...","Rekisteröidään ostoskoria..."
"Registering user ...","Rekisteröidään käyttäjää..."
"Regular","Normaali"
"Regular and confirmation passwords must be equal","Salasanojen täytyy olla samat"
"Related Product Background Color","Liittyvien tuotteiden tuastaväri"
"Release To Update...","Release To Update..."
"Relevance","Vastaavuus"
"Remaining downloads","Jäljellä olevat lataukset"
"Remove","Poista"
"Remove Address...","Poista osoite..."
"Removing %@...","Poistetaan %@..."
"Removing Coupon...","Poistetaan kuponki..."
"Removing Gift Card...","Poistetaan lahjakortti..."
"Removing Product from WishList...","Poistetaan tuote kauppalistalta..."
"Removing Store Credit...","Removing Store Credit..."
"Request param %s is missed","Request param %s is missed"
"Required size: %spx x %spx.","Vaadittava koko: %spx x %spx."
"Reset theme to default","Palauta teema alkuperäiseen"
"Resubmission Key","Resubmission Key"
"Resubmit App","Uudelleenlähetä sovellus"
"Resubmit App failure. %s","Resubmit App failure. %s"
"Results","Tulokset"
"Revenue","Liikevaihto"
"Revert","Revert"
"Revert Discount","Revert Discount"
"Review","Arvostelu"
"Rich Push allows you to create and send engaging experiences by adding HTML and other rich media components to your push notifications. Moving beyond alerts and badge updates, Rich Push takes users into the app while displaying content in a customizable WebKit view. Create branded messages that engage your users with new content and information, all without having to update your app. Learn more about Rich Push - <a href=""%1$s"" target=""_blank"">%1$s</a>","Rich Push allows you to create and send engaging experiences by adding HTML and other rich media components to your push notifications. Moving beyond alerts and badge updates, Rich Push takes users into the app while displaying content in a customizable WebKit view. Create branded messages that engage your users with new content and information, all without having to update your app. Learn more about Rich Push - <a href=""%1$s"" target=""_blank"">%1$s</a>"
"SORT BY:","JÄRJESTYS"
"Sample","Näyte"
"Samples","Näytteet"
"Save","Tallenna"
"Save As","Tallenna nimellä..."
"Save Theme","Tallenna teema"
"Save and Continue Edit","Tallenna ja jatka muokkausta"
"Save and Submit App","Tallenna ja lähetä sovellus"
"Save in address book","Tallenna osoitekirjaan"
"Saving Address...","Tallennetaan osoitetta..."
"Saving changes ...","Tallennetaan muutoksia..."
"Saving shipping address ...","Tallennetaan toimitusosoitetta..."
"Saving shipping methods ...","Tallennetaan toimitustapoja..."
"Screen resolution is not supported","Näytön resoluutiota ei tueta."
"Screens:","Näytöt:"
"Scroll Background Color","Scroll Background Color"
"Search","Haku"
"Search Term","Hakusana"
"Search Updated","Haku on päivitetty."
"Searching for %@...","Haetaan %@..."
"Secondary Color","Toissijainen väri"
"Secondary Font Color","Toissijainen fontin väri"
"See all","Näytä kaikki"
"Select %@","Valitse %@"
"Select All","Valitse kaikki"
"Select Chart","Select Chart"
"Select Links","Select Links"
"Select Options","Select Options"
"Select Payment Method","Valitse maksutapa"
"Select Range","Aikaväli"
"Select a","Valitse"
"Select a Billing Address","Valitse maksuosoite"
"Select a Shipping Address","Valitse toimitusosoite"
"Select from Address Book","Valitse osoitekirjasta"
"Select shipping method","Valitse toimitustapa"
"Selected product is unavailable.","Valittu tuote ei ole saatavilla."
"Send","Lähetä"
"Sender Information","Lähettäjän tiedot"
"Sending e-mail failed...","Sähköpostin lähetys epäonnistui..."
"Set","Aseta"
"Settings","Asetukset"
"Shake device to reset the filter","Laitteen ravistaminen nollaa suodattimen."
"Share","Jaa"
"Share on LinkedIn","Jaa LinkedIn"
"Share on Twitter","Jaa Twitter"
"Ship method","Toimitustapa"
"Shipped","Toimitettu"
"Shipping","Toimitus"
"Shipping Address","Toimitusosoite"
"Shipping Method","Toimitustapa"
"Shipping address","Toimitusosoite"
"Shipping address has been set.","Toimitusosoite on asetettu."
"Shipping method","Toimitustapa"
"Shipping method has been set.","Toimitustapa on asetettu."
"Shipping method is required","Toimitustapa on pakollinen"
"Shipping method successfully updated","Toimitustapa on päivitetty"
"Shipping to this address is not possible.","Toimitus tähän osoitteeseen ei ole mahdollista."
"Shop","Kauppa"
"Shop All","Shop All"
"Shop Updated","Kauppa päivitetty"
"Shopping Cart","Ostoskori"
"Shopping cart is empty.","Ostoskori on tyhjä."
"Show Password","Näytä salasana"
"Sign In","Kirjaudu sisään"
"Signing In...","Kirjaudutaan sisään..."
"Signing Out ...","Kirjaudutaan ulos..."
"Sky Blue","Taivaan sininen"
"Social Networking","Sosiaalinen media"
"Some emails were not sent.","Joitain sähköposteja ei lähetetty."
"Sorry, no quotes are available for this order at this time.","Valitettavasti tilaukselle ei voida arvioida nyt hintaa."
"Sorry, there are no items in this category.","Tässä luokassa ei ole tuotteita."
"Special","Special"
"Special Excl. Tax","Special Excl. Tax"
"Special Incl. Tax","Special Incl. Tax"
"Specific Countries","Määrätyt maat"
"Specified address does not exist.","Määriteltyä osoitetta ei ole."
"Specified invalid app code.","Specified invalid app code."
"Specified invalid data.","Specified invalid data."
"Specified item does not exist in wishlist.","Määriteltyä tuotetta ei ole kauppalistalla."
"Standard Checkout","Tavanomainen maksaminen"
"Standard Checkout uses the checkout methods provided by Magento. Only inline payment methods are supported. (e.g PayPal Direct,  Authorize.Net, etc.)","Standard Checkout uses the checkout methods provided by Magento. Only inline payment methods are supported. (e.g PayPal Direct,  Authorize.Net, etc.)"
"Start Date","Aloituspäivä"
"Start Date - Month","Aloituspäivä - Kuukausi"
"Start Date - Year","Aloituspäivä - Vuosi"
"Starting At","Alkaen"
"Starting At Excl. Tax","Starting At Excl. Tax"
"Starting At Incl. Tax","Starting At Incl. Tax"
"Starting at excl. tax","Starting at excl. tax"
"Starting at incl. tax","Starting at incl. tax"
"State/Province","Maakunta"
"Status","Tila"
"Storage of offline cart on server failed. Please retry later","Storage of offline cart on server failed. Please retry later"
"Store Credit Info Updated","Store Credit Info Updated"
"Store Credit payment is not being used in your shopping cart.","Store Credit payment is not being used in your shopping cart."
"Store View","Kauppanäkymä"
"Store credit","Kauppaluotto"
"Store logo that is displayed on copyright page of app.","Kaupan logo joka näytetään sovelluksen tekijänoikeussivulla."
"Store switcher hasn't been defined","Store switcher hasn't been defined"
"Street Address","Katuosoite"
"Street Address 2","Katuosoite 2 "
"Subject:","Aihe:"
"Submission","Lähettäminen"
"Submission Fields","Liittymistiedot"
"Submission History","Lähetyshistoria"
"Submit App","Sovelluksen lähettäminen"
"Submit App ""%s""","Sovelluksen ""%s"" lähettäminen"
"Submit App failure. %s","Sovelluksen lähettäminen epäonnistui. %s"
"Submit App failure. Invalid activation key provided","Sovelluksen lähettäminen epäonnistui. Aktivointiavain on virheellinen"
"Submit Review","Lähetä arvostelu"
"Submitted","Lähetetty"
"Submitting Review...","Lähetetään arvostelua..."
"Subtotal","Välisumma"
"Subtotal (Excl. Tax)","Välisumma (veroton)"
"Subtotal (Incl. Tax)","Välisumma (verollinen)"
"Subtotal Excl. Tax","Veroton välisumma"
"Subtotal Incl. Tax","Verollinen välisumma"
"Subtotal excluding tax","Veroton välisumma"
"Subtotal incl. tax:","Verollinen välisumma:"
"Subtotal including tax","Verollinen välisumma"
"Subtotal:","Välisumma:"
"Success","Onnistui"
"Successfully posted to Facebook","Lähetetty Facebookiin."
"Successfully posted to Linkedin","Lähetetty LinkedIniin."
"Summary of Your Review","Lyhyt, ytimekäs yhteenveto"
"Swipe a product to reveal more options","Swipe a product to reveal more options"
"T-Shirts","T-paidat"
"Tabs","Välilehdet"
"Tax","Vero"
"Telephone","Puhelin"
"Tell a Friend","Kerro ystävälle"
"Tell a Friend is disabled.","Kerro ystävälle toiminto on pois käytöstä."
"Tell a Friend link has been sent.","Kerro ystävälle linkki on lähetetty."
"Template","Mallipohja"
"Template Content","Pohjan sisältö"
"Template Name","Pohjan nimi"
"Template does not exist.","Mallipohjaa ei ole."
"Template for new AirMail Message does not exist.","Template for new AirMail Message does not exist."
"Template has been deleted.","Mallipohja on poistettu."
"Terms And Conditions","Toimitusehdot"
"Text length does not satisfy specified max text range.","Tekstin pituus ei sovi määriteltyyn enimmäispituuteen."
"Text length does not satisfy specified min text range.","Tekstin pituus ei riitä määriteltyyn vähimmäispituuteen."
"Thank you for registering!","Kiitos rekisteröitymisestä!"
"Thank you for your purchase! ","Kiitos tilauksesta! "
"The %s field should be filled.","Kenttä %s on pakollinen."
"The Mailbox title will be shown in the More Info tab. To understand more about the title, please <a target=""_blank"" href=""http://www.magentocommerce.com/img/product/mobile/helpers/mail_box_title.png"">click here</a>","The Mailbox title will be shown in the More Info tab. To understand more about the title, please <a target=""_blank"" href=""http://www.magentocommerce.com/img/product/mobile/helpers/mail_box_title.png"">click here</a>"
"The application is currently inactive.\nPlease try again later.","Sovellus ei ole nyt aktiivinen.\nYritä myöhemmin uudestaan."
"The cart is empty","Ostoskori on tyhjä."
"The custom amount value should be higher than 0.","The custom amount value should be higher than 0."
"The custom amount value should not be higher than %s.","The custom amount value should not be higher than %s."
"The custom amount value should not be lower than %s.","The custom amount value should not be lower than %s."
"The following email(s) are either mistyped or have incorrect format. Check them and try again:\n","Seuraavat sähköpostit ovat väärinkirjoitettuja. Tarkista ja yritä uudestaan:\n"
"The icon that appears in the Android Market.","Android Marketissa näkyvä ikoni."
"The length of the text in the %s field is too big. Please shorten the text.","Tekstin pituus %s kentässä on liian pitkä. Lyhennä tekstiä."
"The max length of the field ""%@"" is %d!","Kentän ""%@"" enimmäispituus on %d!"
"The minimum password length is 6","Salasanan vähimmäispituus on 6"
"The server responded with invalid data.","Palvelin vastasi virheellisellä tiedolla."
"The shortening service returned status code %d indicating a client side error.","The shortening service returned status code %d indicating a client side error."
"The shortening service returned status code %d indicating a server side error.","The shortening service returned status code %d indicating a server side error."
"The store credit payment has been removed from shopping cart.","The store credit payment has been removed from shopping cart."
"The value is too big!","Arvo on liian suuri!"
"The value should not be greater than %.2f!","Arvo ei saa olla suurempi kuin %.2f!"
"The value should not be less than %.2f!","Arvo ei saa olla pienempi kuin %.2f!"
"Theme configurations are successfully reset.","Teeman asetukset on palautettu alkuperäisiin."
"Theme has been created.","Teema on lisätty."
"Theme has been delete.","Teema on poistettu."
"Theme label can't be empty","Teeman nimike ei voi olla tyhjä"
"Theme label:","Teeman nimike:"
"Theme name is not set.","Teemalle ei ole asetettu nimeä."
"There are files that were selected but not uploaded yet. After switching to another tab your selections may be lost. Do you wish to continue ?","Osaa valituista tiedostoista ei ole vielä noudettu. Välilehden vaihtaminen saattaa hävittää valinnat. Jatketaanko tästä huolimatta?"
"There are no items here","There are no items here"
"There are no items in your cart","Ostoskorissa ei ole tuotteita."
"There is an error in loading an app's configuration","There is an error in loading an app's configuration"
"There is an error in retrieving the data. Please try again later","Tietoja noudettaessa tapahtui virhe. Yritä myöhemmin uudestaan."
"There is no addresses for this contact","Tälle yhteystiedolle ei ole osoitteita."
"There is no store credit history!","There is no store credit history!"
"There were some problems with the data.","Tietojen kanssa ilmeni ongelmia."
"This email address was not found in our records.","Sähköpostiosoitteesta ei löydy merkintää."
"This functionality disabled in offline mode","Ei-yhteyttä tilassa toiminto ei ole käytössä."
"This is a required field.","Pakollinen tieto"
"This product has no images.","Tuotteelle ei ole kuvia."
"Title","Nimi"
"Title bar","Otsikkopalkki"
"To","Päättyen"
"To Excl. Tax","To Excl. Tax"
"To Incl. Tax","To Incl. Tax"
"To activate PayPal MEP payment method activate Express checkout first. ","To activate PayPal MEP payment method activate Express checkout first. "
"To excl. tax","To excl. tax"
"To incl. tax","To incl. tax"
"To preview the newly uploaded images, please save your application first.","Juuri noudettujen kuvien katseleminen on mahdollista sovelluksen tallentamisen jälkeen."
"To:","Mihin:"
"Token has not been set.","Token has not been set."
"Too many recipients have been set.  Max amount of recipients is:","Too many recipients have been set.  Max amount of recipients is:"
"Top Search Terms","Suosituimmat hakusanat"
"Total","Yhteensä"
"Total Order Amount","Tilausten loppusumma"
"Total incl. Tax: %1$s","Loppusumma (verollinen): %1$s"
"Total incl. tax","Yhteensä verollinen"
"Totals","Totals"
"Touch and hold a product to delete from shopping cart","Tuotteen poistaminen ostoskorista tapahtuu painamalla ja pitämällä."
"Touch and hold a product to reveal more options","Touch and hold a product to reveal more options"
"Try Again","Yritä uudestaan"
"Twitter","Twitter"
"Twitter API","Twitter API"
"Twitter API Key","Twitter API -avain"
"Twitter Authorization","Twitter Authorization"
"Twitter Autorization","Twitter Autorization"
"Twitter Secret Key","Twitter Secret Key"
"Twitter post failed...","Lähetys Twitteriin epäonnistui..."
"Type","Tyyppi"
"Type and data is required","Type and data is required"
"URL","URL-osoite"
"Unable to cancel Mobile Express Checkout.","Unable to cancel Mobile Express Checkout."
"Unable to cancel queue.","Jonon peruminen ei onnistu."
"Unable to collect cart totals.","Unable to collect cart totals."
"Unable to delete queue.","Jonon poistaminen ei onnistu."
"Unable to find an app to delete.","Poistettavaa sovellusta ei löydy."
"Unable to find template to delete.","Poistettavaa mallipohjaa ei löydy."
"Unable to get shipping methods list.","Toimitustapaluettelon nouto ei onnistu."
"Unable to initialize MEP Checkout.","Unable to initialize MEP Checkout."
"Unable to initialize PayPal Mobile Express Checkout.","Unable to initialize PayPal Mobile Express Checkout."
"Unable to initialize express checkout review.","Unable to initialize express checkout review."
"Unable to initialize express checkout shipping method list.","Unable to initialize express checkout shipping method list."
"Unable to initialize return action.","Unable to initialize return action."
"Unable to load addresses.","Osoitteiden noutaminen ei onnistu."
"Unable to load application form.","Unable to load application form."
"Unable to load banners.","Bannerien noutaminen ei onnistu."
"Unable to load billing address form.","Maksuosoitelomakkeen noutaminen ei onnistu."
"Unable to load billing address.","Maksuosoitteen noutaminen ei onnistu."
"Unable to load categories.","Luokkien noutaminen ei onnistu."
"Unable to load checkout.","Maksutoiminnon lataus ei onnistu."
"Unable to load localization.","Unable to load localization."
"Unable to load order list.","Tilausluettelon noutaminen ei onnistu."
"Unable to load order review.","Tilauksen tarkastamisen noutaminen ei onnistu."
"Unable to load product gallery.","Tuotegallerian noutaminen ei onnistu."
"Unable to load product info.","Tuotetietojen noutaminen ei onnistu."
"Unable to load product options.","Tuotteiden vaihtoehtojen noutaminen ei onnistu."
"Unable to load product review.","Tuotteen arvostelun noutaminen ei onnistu."
"Unable to load product reviews.","Tuotteen arvostelujen noutaminen ei onnistu."
"Unable to load review form.","Arvostelulomakkeen noutaminen ei onnistu."
"Unable to load search.","Haun noutaminen ei onnistu."
"Unable to load shipping address form.","Toimitusosoitelomakkeen noutaminen ei onnistu."
"Unable to place the order.","Tilausta ei voi tehdä."
"Unable to post the review.","Arvostelua ei voi lähettää."
"Unable to process preview.","Esikatselun käsittely ei onnistu."
"Unable to render a gift card account.","Unable to render a gift card account."
"Unable to render an order.","Unable to render an order."
"Unable to render downloadable products.","Unable to render downloadable products."
"Unable to render the store credits.","Unable to render the store credits."
"Unable to save app.","Sovelluksen tallentaminen ei onnistu."
"Unable to save message.","Viestin tallentaminen ei onnistu."
"Unable to save shipping address.","Toimitusosoitteen tallentaminen ei onnistu."
"Unable to save shipping method.","Toimitustavan tallentaminen ei onnistu."
"Unable to save template.","Mallipohjan tallentaminen ei onnistu."
"Unable to start MEP Checkout.","Unable to start MEP Checkout."
"Unable to start Mobile Express Checkout.","Unable to start Mobile Express Checkout."
"Unable to update shipping method.","Toimitustavan päivitys ei onnistu."
"Undefined","Määrittelemätön"
"Unit Price","Yksikköhinta"
"Unit Price:","Yksikköhinta:"
"Unknown Error","Tuntematon virhe"
"Unknown Error.","Tuntematon virhe."
"Unknown Payment Bridge Error","Unknown Payment Bridge Error"
"Unknown error ocured. Please retry later","Unknown error ocured. Please retry later"
"Unsupported character in path: ""%s""","Polussa on merkki jota ei tueta: ""%s"""
"Unsupported value type received","Unsupported value type received"
"Update Comment Error","Kommentin päivitysvirhe"
"Update Preview","Päivitä esikatselu"
"Updating ...","Päivitetään..."
"Updating Cart...","Päivitetään ostoskoria..."
"Upon receiving these credentials, please fill in the corresponding fields.","Upon receiving these credentials, please fill in the corresponding fields."
"Urban Airship Push Notification","Urban Airship Push Notification"
"Use Billing Address","Käytä maksuosoitetta"
"Use Store Credit (%s available)","Use Store Credit (%s available)"
"Use as my default billing address","Käytä oletusmaksuosoitteena"
"Use as my default shipping address","Käytä oletustoimitusosoitteena"
"Use billing address for shipping","Käytä maksuosoitetta toimitukseen"
"User Name:","Käyttäjätunnus:"
"User session is expired","Käyttäjän istunto on kulunut umpeen."
"Version","Versio"
"View Cart","Näytä ostoskori"
"View Details","Näytä lisätiedot"
"View Gallery","Näytä galleria"
"View Wishlist","Näytä kauppalista"
"Warning: All related AirMail messages will be deleted!","Warning: All related AirMail messages will be deleted!"
"Website is offline","Sivusto on pois käytöstä."
"Website is offline.","Sivusto on pois käytöstä."
"WishList Updated","Kauppalista on päivitetty."
"Wishlist has been cleared.","Kauppalista on tyhjennetty."
"Wishlist has been updated.","Kauppalista on päivitetty."
"Wishlist has been updated. But there are accrued some errors while updating some items.","Kauppalista on päivitetty mutta päivityksen yhteydessä tapahtui joissakin tuotteissa virheitä."
"Wishlist is empty.","Kauppalista on tyhjä."
"Write a Review","Kirjoita arvostelu"
"Write a review","Kirjoita arvostelu"
"Wrong Ipad background image orientation has been specified: ""%s"".","Wrong Ipad background image orientation has been specified: ""%s""."
"Wrong PayPal Mobile Express Checkout Token specified.","Wrong PayPal Mobile Express Checkout Token specified."
"Wrong device type.","Väärä laitetyyppi."
"Wrong email format","Väärä sähköpostiosoitteen muoto"
"Wrong or expired Gift Card Code.","Virheellinen tai erääntynyt lahjakortin numero."
"Wrong theme format.","Väärä teeman muoto."
"YYYY","VVVV"
"Year","Vuosi"
"Yes","Kyllä"
"You are already logged in.","Olet jo kirjautunut sisään."
"You are not logged in","Et ole kirjautunut"
"You can watch statistics here.","Näet tilastot tästä."
"You canceled your order. Touch ""Pay with PayPal"" to try again.","You canceled your order. Touch ""Pay with PayPal"" to try again."
"You have entered an incorrect decimal value in the custom amount field. Provide a valid value.","Muokattava määrä sisältää virheellisen desimaaliarvon. Tarkista arvo."
"You have placed no orders.","Tilauksia ei ole."
"You have uncommitted actions. Commit?","You have uncommitted actions. Commit?"
"You may also like","Nämä voisivat kiinnostaa"
"You must login first","Kirjaudu ensin"
"You must read and agree to the Terms and Conditions before placing your order.","Lue ja hyväksy ehdot ennen tilauksen lähettämistä."
"You need to enable PayPal Express Checkout first from the Payment configuration before enabling PayPal MECL.","You need to enable PayPal Express Checkout first from the Payment configuration before enabling PayPal MECL."
"You will receive an order confirmation email with details of your order and a link to track its progress.","Sähköpostiin lähetetään tilausvahvistus ja linkki josta voi seurata tilauksen etenemistä."
"Your current balance is:","Tilin saldo on:"
"Your order # is: %s. ","Tilausnumero on: %s. "
"Your order cannot be completed at this time as there is no payment methods available for it.","Tilausta ei voi nyt tehdä koska yhtään maksutapaa ei ole käytettävissä."
"Your order failed. Touch ""Pay with PayPal"" to try again.","Your order failed. Touch ""Pay with PayPal"" to try again."
"Your review has been accepted for moderation.","Arvostelu on lähetetty tarkastettavaksi."
"Your tweet has been sent. Thanks for sharing this product on Twitter","Twiitti on lähetetty. Kiitos kun jaoit tämän tuotteen Twitterissä."
"Zip/Postal Code","Postinumero"
"'%s' exceeds the allowed file size: %d (bytes)","'%s' exceeds the allowed file size: %d (bytes)"
"'%s' height exceeds allowed value of %d px","'%s' height exceeds allowed value of %d px"
"'%s' is not a valid file extension. Allowed extensions: %s","%s' ei ole sallittu tiedostopääte. Sallittuja ovat: %s"
"'%s' width exceeds allowed value of %d px","'%s' width exceeds allowed value of %d px"
"and","ja"
"as Guest","as Guest"
"each","jokainen"
"field is required","pakollinen"
"iPad","iPad"
"iPhone","iPhone"
"image_id is required","image_id is required"
"not set","ei asetettu"
"required","pakollinen"
"save","tallenna"
"ver. %s","(ver. %s)"
