"# of Use"," käyttökertaa"
"%1$s incl tax.","%1$s (verollinen)"
"%s - %s","%s - %s"
"%s Item(s)","%s kohdetta"
"%s and above","%s ja yli"
"(%d)","(%d) "
"(Copy data from: %s)","(Kopioi tiedot kohteesta: %s)"
"* Required Fields","* pakollinen"
"-- Please Select --","-- Valitse --"
"86400 by default, if not set. To refresh instantly, Clear the Blocks HTML Output Cache.","Jos ei aseteta, käytetään oletuksena 86400. Välitön päivitys tehdään tyhjentämällä Blocks HTML Output -välimuisti."
"<strong style=""color:red"">Warning!</strong> Applying MAP by default will hide all product prices on the frontend.","<strong style=""color:red"">Varoitus!</strong> Asettamalla MAP oletukseksi piilottaa se kaikki tuotteiden hinnat kaupan puolella."
"A group with the same name already exists.","Samalla nimellä on jo ryhmä."
"A name is required","Nimi on pakollinen."
"A product type is not defined for the indexer.","A product type is not defined for the indexer."
"ALL GROUPS","KAIKKI RYHMÄT"
"AM","AM"
"Action","Toiminto"
"Actual Price","Todellinen hinta"
"Add","Lisää"
"Add Attribute","Lisää ominaisuus"
"Add Design Change","Lisää ulkoasun muutos"
"Add Group","Lisää ryhmä"
"Add Group Price","Lisää ryhmähinta"
"Add New","Lisää uusi"
"Add New Attribute","Lisää uusi ominaisuus"
"Add New Attribute Set","Lisää uusi ominaisuuskokoelma"
"Add New Group","Lisää uusi ryhmä"
"Add New Images","Lisää uusia kuvia"
"Add New Option","Lisää uusi vaihtoehto"
"Add New Row","Lisää uusi rivi"
"Add New Search Term","Lisää uusi hakusana"
"Add New Set","Lisää uusi kokoelma"
"Add Product","Lisää tuote"
"Add Product To Websites","Lisää tuote sivustoille"
"Add Root Category","Lisää juuriluokka"
"Add Subcategory","Lisää alaluokka"
"Add Tax","Lisää vero"
"Add Tier","Lisää määrähinta"
"Add attribute into attribute set","Lisää ominaisuus ominaisuuskokoelmaan"
"Add group into attribute set","Lisää ryhmä ominaisuuskokoelmaan"
"Add new custom option into product","Lisää uusi muokattu vaihtoehto tuotteelle"
"Add new values into custom option","Lisää uusia arvoja muokatulle vaihtoehdolle"
"Add option","Lisää vaihtoehto"
"Add to Cart","Lisää ostoskoriin"
"Add to Compare","Lisää vertailuun"
"Add to Wishlist","Lisää kauppalistaan"
"Additional Information","Lisätiedot"
"Alert Urls","Hälyttävät URL-osoitteet"
"All","Kaikki"
"All Product Types","Kaikki tuotetyypit"
"All products","Kaikki tuotteet"
"All products - recently added products, New products - products marked as new","Kaikki tuotteet - äskettäin lisätyt ja uudet - on merkitty uusiksi"
"All Websites","Kaikki sivustot"
"All products of this set will be deleted! Are you sure you want to delete this attribute set?","Kaikki tämän kokonaisuuden tuotteet poistetaan! Poistetaanko tämä ominaisuuskokoelma?"
"Allow All Products per Page","Salli kaikki tuotteet yhdellä sivulla"
"Allow Dynamic Media URLs in Products and Categories","Salli dynaamiset median osoitteet tuotteissa ja luokissa"
"Allow HTML Tags on Frontend","Salli HTML-tagit kaupan puolella"
"Allowed File Extensions","Sallitut tiedostopäätteet"
"Allowed file extensions to upload","Sallitut noudettavien tiedostojen päätteet"
"An error occurred while adding products to websites.","Tuotteita sivustoihin lisättäessä tapahtui virhe."
"An error occurred while clearing comparison list.","Tuotevertailua tyhjennettäessä tapahtui virhe."
"An error occurred while deleting this review.","Arvostelua poistettaessa tapahtui virhe."
"An error occurred while removing products from websites.","Poistettaessa tuotteita sivustoilta tapahtui virhe."
"An error occurred while saving the URL rewrite","Uudelleenohjauksia tallennettaessa tapahtui virhe."
"An error occurred while saving the attribute set.","Ominaisuuskokoelmaa tallennettaessa tapahtui virhe."
"An error occurred while saving the collection, aborting. Error message: %s","Tallennettaessa kokoelmaa tapahtui virhe, keskeytetään. Virhe: %s"
"An error occurred while saving the product. ","Tuotetta tallennettaessa tapahtui virhe. "
"An error occurred while saving the search query.","Tallennettaessa hakulauseketta tapahtui virhe."
"An error occurred while saving this group.","Ryhmää tallennettaessa tapahtui virhe."
"An error occurred while saving this review.","Arvostelua tallennettaessa tapahtui virhe."
"An error occurred while trying to delete the category.","Luokkaa poistettaessa tapahtui virhe."
"An error occurred while updating the product(s) attributes.","Tuotteiden ominaisuuksia päivitettäessä tapahtui virhe."
"An error occurred while updating the product(s) status.","Tuotteiden tilaa päivitettäessä tapahtui virhe."
"An invalid group ID is specified, skipping the record.","Virheellinen ryhmätunnisteen määrittely, hypätään tietueen yli."
"An invalid option ID is specified for %s (%s), skipping the record.","Kohteelle %s (%s) on määritelty virheellinen vaihtoehtotunniste, hypätään tietueen yli."
"An invalid store was specified.","Määritelty virheellinen kauppa."
"Anchor Custom Text","Anchor Custom Text"
"Anchor Custom Title","Anchor Custom Title"
"Applicable to catalog products and categories only. Any media content will be inserted into editor as a static URL. It is not updated if the system configuration base URL changes.","Vaikuttaa vain luettelon tuotteissa ja luokissa. Kaikki mediasisältö lisätään editoriin muuttumattomalla URL-osoitteella. Osoitetta ei päivitetä jos järjestelmäasetusten juuriosoite vaihtuu."
"Apply MAP (Default Value)","Lisää MAP (oletusarvo)"
"Apply To","Käytetään"
"Approved","Hyväksytty"
"Are you sure you want to delete this category?","Poistetaanko tämä luokka?"
"Are you sure you would like to remove all products from your comparison?","Varmista kaikkien tuotteiden poistaminen tuotevertailusta"
"Are you sure you would like to remove this item from the compare products?","Varmista valitun tuotteen poistaminen tuotevertailusta"
"Are you sure?","Vahvista toiminnon suorittaminen"
"As low as:","Niin alhainen kuin:"
"Assign","Määritä"
"Assign product link","Määritä tuotelinkki"
"Assign product to category","Määritä tuote luokkaan"
"Assigned Products","WK? Määritellyt tuotteet"
"Associated Products","Liitännäistuotteet"
"Attrib. Set Name","Omin. kokon. nimi"
"Attribute ""%s"" is invalid.","Ominaisuus ""%S"" on virheellinen."
"Attribute ""%s"" is required.","Ominaisuus ""%S"" on pakollinen."
"Attribute Information","Ominaisuuden tiedot"
"Attribute Model","Ominaisuuden malli"
"Attribute Name:","Ominaisuuden nimi:"
"Attribute Set","Ominaisuuskokoelma"
"Attribute Sets","Ominaisuuskokoelmat"
"Attribute add","Ominaisuuden lisäys"
"Attribute code is invalid. Please use only letters (a-z), numbers (0-9) or underscore(_) in this field, first character should be a letter.","Ominaisuuden koodi on virheellinen. Käytä vain kirjaimia (a-z), numeroita (0-9) tai alaviivaa (_) tässä kentässä. Ensimmäisen merkin täytyy olla kirjain."
"Attribute group with the \"/name/\" name already exists","Ominaisuusryhmän nimi \"/name/\"  on jo käytössä."
"Attribute remove","Ominaisuuden poistaminen"
"Attribute with the same code already exists","Ominaisuus samalla koodilla on jo olemassa."
"Attributes","Ominaisuudet"
"Attrribute names can be specified per store.","Ominaisuuksien nimet voidaan määrittää kauppakohtaisesti."
"Autogenerate","Muodosta automaattisesti"
"Availability:","Saatavuus:"
"Back","Takaisin"
"Backend Model","Ylläpidon malli"
"Backend Table","Ylläpidon taulukko"
"Backend Table Title","Ylläpidon taulukon otsikko"
"Backorders","Jälkitoimitukset"
"Based On","Perustuu kokoelmaan"
"Before Order Confirmation","Ennen tilauksen vahvistamista"
"Best Value","Paras arvo"
"Block after Info Column","Lohko tuotetietosarakkeen jälkeen"
"Bottom Block Options Wrapper","Bottom Block Options Wrapper"
"Bottom/Left","Alhaalla/Vasemmalla"
"Bottom/Right","Alhaalla/Oikealla"
"Browse By","Selaa"
"Bundle Items","Yhdistelmätuotteen tuotteet"
"Buy %1$s","Osta %1$s"
"Buy %1$s for","Osta %1$s hintaan"
"Buy %1$s for %2$s","Osta %1$s hintaan %2$s"
"Buy %1$s for %2$s (%3$s incl. tax) each","Osta %1$s hintaan %2$s (%3$s verollinen) / kpl"
"Buy %1$s for %2$s each","%2$s / kpl (%1$s tai enemmän)"
"Cache Lifetime (Seconds)","Välimuistin elinaika (sekunteina)"
"Cache refresh needed.","Tarvitaan välimuistin päivitys."
"Call for Price Text:","Kysy hinta teksti:"
"Can be Divided into Multiple Boxes for Shipping","Voidaan jakaa useampaan toimituserään"
"Can be used only with catalog input type Dropdown","Voidaan käyttää vain luettelon syöttötyypin 'pudotusvalikko' kanssa"
"Can be used only with catalog input type Dropdown, Multiple Select and Price","Voidaan käyttää vain luettelon syöttömuotojen pudotusvalikko, monivalinta ja hinta kanssa"
"Can't create image.","Kuvaa ei voida lisätä."
"Cancel","Peruuta"
"Cannot create image.","Kuvaa ei voida lisätä."
"Cannot create writeable directory '%s'.","Kirjoitettavaa hakemistoa '%s' ei voida lisätä."
"Cart Item Attribute","Ostoskorin tuotteen ominaisuus"
"Catalog","Luettelo"
"Catalog Category (Anchor)","Luettelon luokka (ankkuri)"
"Catalog Category (Non-Anchor)","Luettelon luokka (ei-ankkuri)"
"Catalog Category (Without Subcategories)","Luettelon luokka (ilman alaluokkia)"
"Catalog Category Link","Luettelon luokka Linkki"
"Catalog New Products List","Luettelon uusien tuotteiden lista"
"Catalog Price Scope","Luettelon hintanäkymä"
"Catalog Product Compare List","Luettelon tuotevertailu"
"Catalog Product Email to a Friend","Luettelotuote Lähetä ystävälle"
"Catalog Product Image Gallery Popup","Luettelon tuote Kuvagalleria ponnahdusikkuna"
"Catalog Product Link","Luettelo tuote Linkki"
"Catalog Product View (Any)","Luettelon tuotenäkymä (mikä tahansa)"
"Catalog Product View (Configurable)","Luettelon tuotenäkymä (mukailtava)"
"Catalog Product View (Grouped)","Luettelon tuotenäkymä (ryhmitelty)"
"Catalog Product View (Simple)","Luettelon tuotenäkymä (yksinkertainen)"
"Catalog Product View (Virtual)","Luettelon tuotenäkymä (virtuaalinen)"
"Catalog Section","Luettelo -osio"
"Catalog Seo Sitemap (Category List)","Catalog Seo Sitemap (Category List)"
"Catalog Seo Sitemap (Category Tree)","Catalog Seo Sitemap (Category Tree)"
"Catalog Seo Sitemap (Common)","Catalog Seo Sitemap (Common)"
"Catalog Seo Sitemap (Product List)","Catalog Seo Sitemap (Product List)"
"Catalog URL Rewrites","Luettelon uudelleenohjaukset"
"Catalog product custom option values API","Catalog product custom option values API"
"Catalog product custom options API","Catalog product custom options API"
"Catalog, Search","Luettelo, haku"
"Categories","Luokat"
"Categories Sitemap","Luokkien sivukartta"
"Category","Luokka"
"Category API","Luokka API"
"Category Data","Luokan tiedot"
"Category Flat Data","Category Flat Data"
"Category Link Block Template","Category Link Block Template"
"Category Link Inline Template","Category Link Inline Template"
"Category Products","Luokan tuotteet"
"Category Top Navigation","Ylävalikon luokat"
"Category URL Suffix","Luokan URL:n loppuliite"
"Category attributes API","Luokan ominaisuuksien API"
"Category move error","Luokan siirtovirhe."
"Category move error %s","Luokan siirtovirhe %s"
"Category move operation is not possible: parent category is equal to child category.","Luokan siirto ei ole mahdollista: Isäntäluokka on tasa-arvoinen alaluokan kanssa."
"Category move operation is not possible: the current category was not found.","Luokan siirto ei ole mahdollista: Luokkaa ei löydy."
"Category move operation is not possible: the new parent category was not found.","Luokan siirto ei ole mahdollista: Uutta isäntäluokkaa ei löydy."
"Category must be an instance of Mage_Catalog_Model_Category.","Category must be an instance of Mage_Catalog_Model_Category."
"Center","Keskellä"
"Change","Muuta"
"Change or Retrieve attribute store view","Muokkaa tai nouda ominaisuus kauppanäkymä"
"Change status","Muuta tila"
"Check items to add to the cart or","Valitse ostoskoriin lisättävät tuotteet tai"
"Choose an Option...","Valitse yksi vaihtoehto..."
"Choose","Valitse"
"Clear All","Tyhjennä kaikki"
"Clear Price","Tyhjennä hinta"
"Click for price","Klikkaa hinta näkyviin"
"Close Window","Sulje ikkuna"
"Collapse All","Pienennä kaikki"
"Comma-separated.","Erotetaan pilkuilla."
"Comparable","Vertailtava"
"Comparable on Front-end","Vertailtavissa kaupan puolella"
"Comparable on the Frontend","Vertailtavissa kaupan puolella"
"Compare","Vertaa"
"Compare Products","Tuotevertailu"
"Conditions Combination","Ehtojen yhdistelmä"
"Configurable Product","Muokattava tuote"
"Configurable Product Settings","Muokattavan tuotteen asetukset"
"Configure Product","Muokattava tuote"
"Continue","Jatka"
"Copy From Configurable","Kopioi muokattavasta"
"Country/State","Maa/Maakunta"
"Create","Lisää"
"Create (Upload)","Lisää (nouda)"
"Create Empty","Lisää tyhjä"
"Create Permanent Redirect for URLs if URL Key Changed","Lisää pysyvä uudelleenohjaus vanhaan osoitteeseen jos URL-avainta muutetaan"
"Create Permanent Redirect for old URL","Lisää pysyvä uudelleenohjaus vanhaan URL-osoitteeseen"
"Create Product Settings","Lisää tuotteen asetukset"
"Create Simple Associated Product","Lisää yksinkertainen liitännäistuote"
"Create attribute set based on another set","Lisää ominaisuuskokoelma joka perustuu toiseen kokoelmaan"
"Create new attribute","Lisää uusi ominaisuus"
"Create new category","Lisää uusi luokka"
"Create new product","Lisää uusi tuote"
"Cross-sells","Ehdotettavat tuotteet"
"Currently Shopping by:","Tämänhetkinen rajaus:"
"Custom Design","Mukailtu ulkoasu"
"Custom Options","Muokattavat vaihtoehdot"
"Custom options","Muokattavat vaihtoehdot"
"Customer Group","Asiakasryhmä"
"Customers Reviews","Asiakkaiden arvostelut"
"Customers Tagged Product","Asiakkaiden merkitsemät asiasanat"
"Data Type for Saving in Database","Tietotyyppi tietokantaan tallennusta varten"
"Date & Time Custom Options","Päivämäärän ja ajan valinta"
"Date Fields Order","Päivämäärän järjestys"
"Date Subscribed","Kirjautunut"
"Datetime","Aika"
"Decimal","Desimaali"
"Declare attribute value saving scope","Aseta ominaisuuden arvon tallennusnäkymä"
"Default ""What's This"" Text Message","""Mikä tämä on"" -tekstin oletus"
"Default Popup Text Message","Ponnahdusikkunan oletusteksti"
"Default Price","Oletushinta"
"Default Price Navigation Step","Hinnan porrastuksen oletusarvo"
"Default Qty","Oletetusmäärä"
"Default Values","Oletusarvot"
"Defines the base currency scope (""Currency Setup"" > ""Currency Options"" > ""Base Currency"").","Määrittää oletusvaluutan näkymän (""Valuutta"" > ""Valuutta-asetukset"" > ""Oletusvaluutta"")."
"Delete","Poista"
"Delete Attribute","Poista ominaisuus"
"Delete Attribute Set","Poista ominaisuuskokoelma"
"Delete Category","Poista luokka"
"Delete Group Price","Poista ryhmähinta"
"Delete Option","Poista vaihtoehto"
"Delete Row","Poista rivi"
"Delete Search","Poista haku"
"Delete Selected Group","Poista valittu ryhmä"
"Delete Tier","Poista määrähinta"
"Delete attribute","Poista ominaisuus"
"Delete category","Poista luokka"
"Delete product","Poista tuote"
"Depends on design theme","Riippuvainen ulkoasuteemasta"
"Design","Ulkoasu"
"Details","Kuvaus"
"Disabled","Pois käytöstä"
"Disallowed file type.","Tiedostotyyppi ei ole sallittu."
"Display Actual Price","Näytä todellinen hinta"
"Display Page Control","Display Page Control"
"Display Price Interval as One Price","Display Price Interval as One Price"
"Display Product Count","Näytä tuotteiden lukumäärä"
"Display in Suggested Terms","Näytä ehdotetuissa hakusanoissa"
"Display Type","Näytä tyyppi"
"Double click on a group to rename it","Tuplaklikkaa ryhmää nimetäksesi se uudestaan"
"Double click on above image to view full picture","Tuplaklikkaa kuvaa nähdäksesi sen kokonaan"
"Downloadable Information","Ladattavien tuotteiden tiedot"
"Duplicate","Monista"
"Duplicate website group price customer group.","Duplicate website group price customer group."
"Duplicate website tier price customer group and quantity.","Duplicate website tier price customer group and quantity."
"Duplicate website, country and state tax found.","Monista löydetty sivusto, maa, maakunta ja vero."
"E.g. {{media url=""path/to/image.jpg""}} {{skin url=""path/to/picture.gif""}}. Dynamic directives parsing impacts catalog performance.","Esim. {{media url=""polku/kuvaan.jpg""}} {{skin url=""polku/kuvaan.gif""}}. Dynaamiset osoitteet vaikuttavat luettelon tehokkuuteen mahdollisesti sitä heikentäen."
"Edit","Muokkaa"
"Edit Attribute Set '%s'","Muokataan ominaisuuskokoelmaa '%s'"
"Edit Product Attribute","Muokataan tuotteen ominaisuutta"
"Edit Product Attribute ""%s""","Muokataan tuotteen ominaisuutta ""%s"""
"Edit Search","Muuta hakua"
"Edit Search '%s'","Muuta hakua '%s'"
"Edit Set Name","Kokoelman nimen muokkaaminen"
"Email","Sähköposti"
"Email to a Friend","Lähetä ystävälle"
"Empty","Tyhjä"
"Enable for reindexing a big number of SKUs.","Suositellaan käytettäväksi kun tuotteita on yli 1000 kpl."
"Enable MAP","Ota käyttöön MAP"
"Enable Qty Increments","Erämyynti"
"Enable WYSIWYG","Ota käyttöön WYSIWYG-editori"
"Enabled","Käytössä"
"Error during retrieval of option value: %s","Noudettaessa valinnan arvoa %s tapahtui virhe."
"Exclude","Sulje pois"
"Expand All","Laajenna kaikki"
"Failed","Epäonnistui"
"Failed to copy file %s. Please, delete media with non-existing images and try again.","Tiedoston %s kopiointi epäonnistui. Poista mediasta kuvat joita ei ole ja yritä uudestaan."
"Failed to move file: %s","Tiedoston %s siirto epäonnistui."
"Feature Products","Esillä olevat tuotteet"
"Field is not complete","Kenttä ei ole valmis"
"File options format is not valid.","Tiedostovaihtoehtojen muoto ei ole kelvollinen."
"File upload failed","Tiedoston nouto epäonnistui."
"Filter model name must be declared.","Suodatinmallin nimi täytyy määrittää."
"Filter must be an object. Please set correct filter.","Suodattimen täytyy olla objekti. Aseta suodatin oikein."
"Filterable (no results)","Suodatettava (ei tuloksia)"
"Filterable (with results)","Suodatettava (tuloksellinen)"
"First Name","Etunimi"
"Fixed","Kiinteä"
"For internal use.","Sisäiseen käyttöön."
"For the last time placed.","For the last time placed."
"Frontend","Kaupan puoli"
"Frontend Model","Kaupan puolen malli"
"Frontend Properties","Kaupan puolen asetukset"
"Gallery","Galleria"
"General Information","Yleistiedot"
"Get full information about attribute with list of options","Nouda täydelliset tiedot ominaisuuksista sisältäen listan valinnoista"
"Get full information about custom option in product","Nouda tuotteen täydet tiedot muokatusta valinnasta"
"Get list of available custom option types","Nouda luettelo käytettävissä olevista muokattavista valintatyypeistä"
"Get list of non-default attributes by product type and attributes set","Nouda luettelo tuotetyypeistä ja ominaisuuskokoelmista, jotka sisältävät ominaisuudet jotka eivät ole oletuksena."
"Get list of possible attribute types","Nouda luettelo mahdollisista ominaisuustyypeistä"
"Get special price","Nouda erikoishinta"
"Global","Globaali"
"Globally Editable","Globaalisti muokattava"
"Go to Home Page","Siirry etusivulle"
"Grid","Taulukko"
"Group add","Ryhmän lisäys"
"Group Price","Ryhmähinta"
"Group remove","Ryhmän poisto"
"Grouped Product","Ryhmätuote"
"Groups","Ryhmät"
"Home","Etusivu"
"ID","Tunniste"
"ID: %s","Tunniste: %s"
"If empty, the Category Name will be used","Tyhjänä käytetään luokan nimeä"
"If empty, the Product Name will be used","Tyhjänä käytetään tuotteen nimeä"
"If you do not specify an option value for a specific store view then the default (Admin) value will be used.","Jos ominaisuuden arvoa ei määritellä kauppanäkymälle, käytetään ylläpidon arvoa."
"Image","Kuva"
"Image content is not valid base64 data.","Kuvan sisältö ei ole base64 -tietoa."
"Image does not exist.","Kuvaa ei ole."
"Image file was not found.","Kuvatiedostoa ei löydy."
"Image type and information need to be specified for each store view.","Kuvan tyyppi ja tiedot täytyy määritellä jokaiselle kauppanäkymälle."
"In Cart","Ostoskorissa"
"In Stock","Varastossa"
"In stock","Varastossa"
"Incl. Tax","Verollinen"
"Index product and categories URL rewrites","Indeksoi tuote ja luokkien uudelleenohjaukset"
"Index product attributes for layered navigation building","Index product attributes for layered navigation building"
"Index product prices","Indeksoi tuotteiden hinnat"
"Indexed category/products association","Indeksoidut luokkien tai tuotteiden yhteydet"
"Info","Tiedot"
"Info Column Options Wrapper","Info Column Options Wrapper"
"Input Type","Syöttömuoto"
"Inquire for quotation","Pyydä tarjous"
"Integer","Kokonaisluku"
"Interval Division Limit","Interval Division Limit"
"Invalid Tier Prices","Määrähinnat ovat virheellisiä."
"Invalid attribute %s","Virheellinen ominaisuus: %s"
"Invalid attribute option specified for attribute %s (%s), skipping the record.","Ominaisuudelle %s (%s) on määritelty virheellinen ominaisuuden vaihtoehto, hypätään tietueen yli."
"Invalid attribute set specified, skipping the record.","Ominaisuuskokoelma on määritelty virheellisesti,  hypätään tietueen yli."
"Invalid block: %s.","Sisältölohko %s on virheellinen."
"Invalid category IDs.","Luokkien tunnisteet ovat virheellisiä."
"Invalid category.","Luokka on virheellinen."
"Invalid image file type.","Kuvan tiedostotyyppi on virheellinen."
"Invalid image type.","Kuvan tyyppi on virheellinen."
"Invalid option ID specified for %s (%s), skipping the record.","Ominaisuuden tunniste määritelty virheellisesti kohteelle %s (%s), hypätään tietueen yli."
"Invalid product type specified, skipping the record.","Tuotetyyppi on määritelty virheellisesti, hypätään tietueen yli."
"Invalid store specified","Kauppa on määritelty virheellisesti."
"Invalid store specified, skipping the record.","Kauppa on määritelty virheellisesti, hypätään tietueen yli."
"Invalid tier prices. The product is not associated to the requested website.","Määrähinnat ovat virheellisiä. Tuotetta ei ole yhdistetty kyseiseen sivustoon."
"Inventory","Varasto"
"Is Default","Oletus"
"Is Required","Pakollinen"
"Items %s to %s of %s total","Tuotteet %s - %s / %s"
"Items that you do not want to show in the catalog or search results should have status 'Disabled' in the desired store.","Tuotteita joiden ei haluta näkyvän luettelossa tai hakutuloksissa tulee asettaa halutussa kaupassa 'Ei käytössä' -tilaan."
"Items that you don't want to show in the catalog or search results should have status 'Disabled' in the desired store.","Tuotteita joiden ei haluta näkyvän luettelossa tai hakutuloksissa tulee asettaa halutussa kaupassa 'Ei käytössä' -tilaan."
"Keep your eyes open for our special Back to School items and save A LOT!","Säästä selvää rahaa seuraamalla 'Takaisin kouluun' -tuotteitamme."
"Label","Nimi"
"Last Name","Sukunimi"
"Last Notification","Viimeisin ilmoitus"
"Layered Navigation","Kerroksittainen navigaatio"
"Learn More","Lue lisää..."
"Line %d, Email: %s","Rivi %d, sähköposti: %s"
"Line %d, SKU: %s","Rivi %d, tuotenumero: %s"
"Link (Related, Up sell, Cross sell)","Linkki (liittyvät, vaihtoehtoiset, ehdotettavat)"
"Link product does not exist.","Linkitettyä tuotetta ei ole."
"Link to a Specified Category","Linkitä tiettyyn luokkaan"
"Link to a Specified Product","Linkitä tiettyyn tuotteeseen"
"List","Luettelo"
"List Mode","Luettelon muoto"
"List of Products that are set as New","Luettelo tuotteista jotka on asetettu 'Uusiksi tuotteiksi'"
"List of types","Tyyppiluettelo"
"Manage Attribute Sets","Ominaisuuskokoelmat"
"Manage Attributes","Ominaisuudet"
"Manage Catalog Categories","Luettelon luokat"
"Manage Categories","Luokat"
"Manage Label / Options","Nimet ja vaihtoehdot"
"Manage Options (values of your attribute)","Vaihtoehdot (ominaisuuden arvoja)"
"Manage Product Attributes","Tuotteen ominaisuudet"
"Manage Product Sets","Tuotteiden kokoelmat"
"Manage Products","Tuotteet"
"Manage Stock","Varastonhallinta"
"Manage Titles (Size, Color, etc.)","Nimet (koko, väri, jne.)"
"Max Characters","Suurin sallittu merkkimäärä"
"Maximal Depth","Syvyys enintään"
"Maximum Image Size","Suurin sallittu kuvan koko"
"Maximum Number of Price Intervals","Hintaporrastusten suurin sallittu arvo"
"Maximum Qty Allowed in Shopping Cart","Ostoskorin enimmäistuotemäärä"
"Maximum allowed image size for '%s' is %sx%s px.","Suurin sallittu kuvan koko kohteelle '%s' on %sx%s px."
"Maximum image height","Kuvan enimmäiskorkeus"
"Maximum image width","Kuvan enimmäisleveys"
"Maximum number of characters:","Suurin sallittu merkkimäärä:"
"Maximum number of price intervals is 100","Hintaporrastusten suurin sallittu on 100"
"Media Image","Mediakuva"
"Meta Information","Metatiedot"
"Minimum Advertised Price","Pienin mainostettava hinta (MAP)"
"Minimum Lines per Page","Rivien vähimmäismäärä / sivu"
"Minimum Qty Allowed in Shopping Cart","Ostoskorin vähimmäistuotemäärä"
"Minimum Qty for Item's Status to be Out of Stock","Vähimmäismäärä, jolloin tuote merkitään varastosta loppuneeksi"
"Missing SKU, skipping the record.","Tuotenumero puuttuu, hypätään tietueen yli."
"More Views","Lisää kuvia"
"Move","Siirrä"
"Move category in tree","Siirrä luokkaa hierarkiassa"
"Must be in the allowed values list.","Oltava sallittujen arvojen luettelossa."
"N/A","ei saatavilla"
"Name","Nimi"
"Name in %s","Nimi kohteessa %s"
"New Product","Uusi tuote"
"New products","Uudet tuotteet"
"New Product Attribute","Uusi tuoteominaisuus"
"New Products","Uudet tuotteet"
"New Products Grid Template","Uusien tuotteiden taulukkomallipohja"
"New Products List Template","Uusien tuotteiden luettelomallipohja"
"New Root Category","Uusi juuriluokka"
"New Search","Uusi haku"
"New Set Name","Uusi kokoelman nimi"
"New Subcategory","Uusi alaluokka"
"Next","Seuraava"
"No","Ei"
"No image","Ei kuvaa"
"No layout updates","Ei sommitelmaa"
"No options of this product are available.","Tälle tuotteelle ei ole saatavilla vaihtoehtoja."
"No product collections found.","Tuotekokoelmia ei löydy."
"None","Ei mitään"
"Not Visible Individually","Ei näy yksittäin"
"Notify Low Stock RSS","Ilmoita alhainen varastotilanne RSS-syötteellä"
"Notify for Quantity Below","Ilmoita kun 'Määrä alle'"
"Number of Products per Page","Tuotteita per sivu"
"Number of Products to Display","Näytettävien tuotteiden määrä"
"Number of Uses","Käyttökerrat"
"Number of results","Tulosten määrä"
"Number of results (For the last time placed)","Tulosten määrä (viimeksi haettu tilanne)"
"OK","OK "
"OR","TAI"
"Old Price:","Vanha hinta:"
"On Gesture","On Gesture"
"Only %s left","Vain %s jäljellä"
"Option validation failed to add product to cart.","Vaihtoehtojen vahvistaminen epäonnistui lisättäessä tuotetta ostoskoriin."
"Option values","Vaihtoehdon arvot"
"Option:","Vaihtoehto:"
"Options","Vaihtoehdot"
"Options Control","Vaihtoehdot"
"Options is required","Vaihtoehdot ovat pakollisia."
"Our customer service is available 24/7. Call us at (555) 555-0123.","Asiakaspalvelu on avoinna maanantaista perjantaihin kello 8.00 - 17.00."
"Out of Stock","Ei ole varastossa"
"Out of stock","Ei ole varastossa"
"PM","PM"
"Page Title Separator","Sivun otsikon erotin"
"Parent Category","Isäntäluokka"
"Pending","Odottaa"
"Pending Reviews RSS","Odottavien arvostelujen RSS-syöte"
"Percentage","Prosenttiosuus"
"Please add rows to option.","Lisää rivejä vaihtoehdoksi."
"Please be careful as once you click on the row it will load package data form the selected file and all unsaved form data will be lost.","Please be careful as once you click on the row it will load package data form the selected file and all unsaved form data will be lost."
"Please click on the Close Window button if it is not closed automatically.","Paina Sulje ikkuna -painiketta, jos ikkuna ei suljeudu automaattisesti."
"Please enter a new group name","Kirjoita uuden ryhmän nimi"
"Please refresh ""Catalog URL Rewrites"" and ""Product Attributes"" in System -> <a href=""%s"">Index Management</a>","Päivitä ""Luettelon uudelleenohjaukset"" ja ""Tuotteen ominaisuudet"" kohdasta Järjestelmä -> <a href=""%s"">Indeksit</a>"
"Please select a static block ...","Valitse muuttumaton sisältölohko..."
"Please select items.","Valitse kohteet."
"Please select one or more attributes.","Valitse yksi tai useampi ominaisuus."
"Please select product(s).","Valitse tuotteet."
"Please select products for attributes update","Valitse tuotteet ominaisuuksien päivitykseen."
"Please specify date required option(s).","Määritä päivän vaativat vaihtoehdot."
"Please specify the number of products, that will not be divided into subintervals.","Please specify the number of products, that will not be divided into subintervals."
"Please specify the product required option(s)","Määritä tuotteelle pakolliset vaihtoehdot."
"Please specify the product required option(s).","Määritä tuotteelle pakolliset vaihtoehdot."
"Please specify the product's option(s).","Määritä tuotteen vaihtoehdot."
"Please specify the product's required option(s).","Määritä tuotteen pakolliset vaihtoehdot."
"Please specify the quantity of product(s).","Määritä tuotteiden määrä."
"Please specify time required option(s).","Määritä ajan vaativat vaihtoehdot."
"Please wait...","Odota..."
"Position","Sijainti"
"Position in Layered Navigation","Sijainti kerroksittaisessa navigaatiossa"
"Position of attribute in layered navigation block","Ominaisuuden sijainti kerroksittaisen navigaation sisältölohkossa"
"Prev","Edellinen"
"Previous","Edellinen"
"Price","Hinta"
"Price Navigation Step Calculation","Hinnan laskeminen askeleittain"
"Price Type","Hintatyyppi"
"Price is not available","Hinta ei ole saatavilla."
"Price values for options should be specified in system base currency.","Hinnat vaihtoehdoille tulee määritellä järjestelmän oletusvaluutassa."
"Price:","Hinta:"
"Price: %s","Hinta: %s"
"Prices","Hinnat"
"Prices include VAT","Sis. alv"
"Print This Page","Tulosta sivu"
"Product","Tuote"
"Product API","Tuote API"
"Product Alerts","Tuoteilmoitukset"
"Product Attribute","Tuoteominaisuus"
"Product Attributes","Tuoteominaisuudet"
"Product Categories","Tuoteluokat"
"Product Description","Kuvaus"
"Product Extra Info","Tuotteen lisätiedot"
"Product Flat Data","Product Flat Data"
"Product ID","Tuotenumero"
"Product Image Placeholders","Tuotekuvien paikanpitäjät"
"Product Image Watermarks","Tuotekuvien vesileimat"
"Product Images","Tuotekuvat"
"Product Images API","Tuotekuvien API"
"Product In Websites","Tuote sivustoilla"
"Product Info Column","Tuotteen tietosarake"
"Product Information","Tuotteen tiedot"
"Product Link Block Template","Product Link Block Template"
"Product Link Inline Template","Product Link Inline Template"
"Product Listing Sort by","Tuoteluettelon järjestys"
"Product Name","Tuotteen nimi"
"Product No.","tuotenro"
"Product Prices","Tuotteiden hinnat"
"Product Reviews","Tuotearvostelut"
"Product Tags","Tuotteiden asiasanat"
"Product Tier Price API","Tuotteen määrähinnan API"
"Product Type","Tuotetyyppi"
"Product URL Suffix","Tuotteen URL:n loppuliite"
"Product View Extra Hint","Product View Extra Hint"
"Product attribute sets API","Tuotteen ominaisuuskokoelmien API"
"Product attributes API","Tuotteen ominaisuuksien API"
"Product collection expected.","Product collection expected."
"Product is not loaded","Tuotetta ei ole ladattu."
"Product links API (related, cross sells, up sells)","Tuotteen linkkien API (liittyvät, ehdotettavat, vaihtoehtoiset)"
"Product name","Tuotteen nimi"
"Product types API","Tuotetyypin API"
"Product with this combination of attributes already associated to configurable.","Tuote tällä yhdistelmällä ominaisuuksia on jo liitettynä muokattavaan tuotteeseen."
"Products","Tuotteet"
"Products Comparison List","Tuotteiden vertailu"
"Products Information","Tuotteiden tiedot"
"Products Reviews","Tuotteiden arvostelut"
"Products Sitemap","Tuotteiden sivukartta"
"Products only","Vain tuotteet"
"Products per Page on Grid Allowed Values","Tuotteita/sivu taulukossa, sallitut arvot"
"Products per Page on Grid Default Value","Tuotteita/sivu taulukossa, oletusarvo"
"Products per Page on List Allowed Values","Tuotteita/sivu luettelossa, sallitut arvot"
"Products per Page on List Default Value","Tuotteita/sivu luettelossa, oletusarvo"
"Properties","Ominaisuudet"
"Qty","Kpl"
"Qty Increments","Erämyynnin määrä"
"Qty Uses Decimals","Määrä desimaaleina"
"Qty for Item's Status to Become Out of Stock","Määrä jolloin tuotteen saatavuudeksi merkitään 'Loppu varastosta'"
"Qty:","Määrä:"
"Quantity","Lukumäärä"
"Quick Create","Nopea lisäys"
"Quick Overview","Lyhyesti"
"Quick simple product creation","Nopea yksinkertaisen tuotteen lisäys"
"Records for ""","Tietueet kohteelle """
"Records for ""%s"" store found.","Tietueet "%s" -kaupalle löytyivät."
"Recurring Profile","Osamaksuprofiili"
"Redirect","Uudelleenohjaus"
"Redirect URL","Uudelleenohjaus URL-osoitteeseen"
"Regular Price:","Perushinta:"
"Related Products","Sinua saattavat kiinnostaa myös"
"Remove","Poista"
"Remove Product From Websites","Poista tuote sivustoilta"
"Remove This Item","Poista tämä tuote"
"Remove attribute from attribute set","Poista ominaisuus ominaisuuskokoelmasta"
"Remove attribute set","Poista ominaisuuskokoelma"
"Remove custom option","Poista mukailtu vaihtoehto"
"Remove group from attribute set","Poista ryhmä ominaisuuskokoelmasta"
"Remove option","Poista vaihtoehto"
"Remove product assignment","Poista tuotteen liitos"
"Remove product image","Poista tuotteen kuva"
"Remove product link","Poista tuotteen linkki"
"Remove value from custom option","Poista arvo mukaillusta vaihtoehdosta"
"Rename existing group","Uudelleennimeä ryhmä"
"Rename group","Uudelleennimeä ryhmä"
"Reorganize EAV category structure to flat structure","Reorganize EAV category structure to flat structure"
"Reorganize EAV product structure to flat structure","Reorganize EAV product structure to flat structure"
"Reset","Nollaa"
"Results","Tulokset"
"Retrieve attribute data","Nouda ominaisuustieto"
"Retrieve attribute list","Nouda ominaisuusluettelo"
"Retrieve attribute options","Nouda ominaisuusvaihtoehdot"
"Retrieve categories tree","Nouda luokkien hierarkia"
"Retrieve category attributes","Nouda luokkaominaisuudet"
"Retrieve category data","Nouda luokkatieto"
"Retrieve hierarchical tree","Nouda hierarkia"
"Retrieve linked products","Nouda linkitetyt tuotteet"
"Retrieve list of assigned products","Nouda liitettyjen tuotteiden luettelo"
"Retrieve list of option values","Nouda vaihtoehtojen arvojen luettelo"
"Retrieve list of product custom options","Nouda tuotteiden muokattavien vaihtoehtojen luettelo"
"Retrieve one level of categories by website/store view/parent category","Retrieve one level of categories by website/store view/parent category"
"Retrieve option value info","Nouda vaihtoehdon arvon tiedot"
"Retrieve product","Nouda tuote"
"Retrieve product attribute sets","Nouda tuotteiden ominaisuuskokoelmat"
"Retrieve product image","Nouda tuotekuva"
"Retrieve product image list","Nouda tuotekuvaluettelo"
"Retrieve product image types","Nouda tuotekuvatyypit"
"Retrieve product link type attributes","Nouda tuotelinkkityyppien ominaisuudet"
"Retrieve product link types","Nouda tuotelinkkityypit"
"Retrieve product tier prices","Nouda tuotteiden määrähinnat"
"Retrieve product types","Nouda tuotetyypit"
"Retrieve products data","Noua tuotteiden tiedot"
"Retrieve products list by filters","Nouda tuoteluettelo suodattamalla"
"Reviews","Arvostelut"
"Roll Over for preview","Liikuta hiirellä yli esikatselua varten"
"Root","Juuri"
"SKU","Tuotenumero"
"SKU length should be %s characters maximum.","Tuotenumeron pituus saa olla enintään %s merkkiä."
"Save","Tallenna"
"Save Attribute","Tallenna ominaisuus"
"Save Attribute Set","Tallenna ominaisuuskokoelma"
"Save Category","Tallenna luokka"
"Save Search","Tallenna haku"
"Save and Continue Edit","Tallenna ja jatka muokkausta"
"Saved %d record(s)","%d tietuetta on tallennettu."
"Scope","Näkymä"
"Scope must not be changed, because the attribute is used in configurable products.","Näkymää ei tule muuttaa, koska ominaisuus on käytössä muokatuissa tuotteissa."
"Search","Haku"
"Search Engine Optimizations","Hakukoneoptimointi"
"Search Information","Hakutiedot"
"Search Query","Hakulauseke"
"Search Term with such search query already exists.","Hakusana samalla hakulausekkeella on jo olemassa."
"Searchable","Haettavissa"
"See price before order confirmation.","Tarkista hinta ennen tilauksen vahvistamista."
"Select Category...","Valitse luokka..."
"Select Configurable Attributes ","Valitse muokattavat ominaisuudet "
"Select Product...","Valitse tuote..."
"Select type of option","Valitse vaihtoehdon tyyppi"
"Select type options required values rows.","Select type options required values rows."
"Selected Product Types","Valitut tuotetyypit"
"Selected configuration is not available.","Valittu asetus ei ole käytettävissä."
"Send Count","Lähetysmäärä"
"Set Ascending Direction","Aseta nouseva suunta"
"Set Descending Direction","Aseta laskeva suunta"
"Set Name","Kokoelman nimi"
"Set Root Category for Store","Aseta juuriluokka kaupalle"
"Set root category for this store in the <a href=""%s"">configuration</a>","Aseta juuriluokka tälle kaupalle <a href=""%s"">-asetuksissa</a>"
"Set special price","Aseta erikoishinta"
"Set/Get current store view","Aseta/Nouda nykyinen kauppanäkymä"
"Settings","Asetukset"
"Shop By","Vaihtoehdot"
"Shopping Options","Ostamisen vaihtoehdot"
"Show","Näytä"
"Show Details","Näytä tuotetiedot"
"Show Tags","Näytä asiasanat"
"Simple Product","Yksinkertainen tuote"
"Site Map","Sivukartta"
"Sitemap","Sivukartta"
"Size chart","Suuri kuva"
"Skip import row, is not valid value ""%s"" for field ""%s""","Ohita tuotava rivi. ''''%s'''' ei ole sopiva arvo kenttään ''''%s''''"
"Skip import row, required field ""%s"" for the new customer is not defined.","Ohita tuotava rivi. Vaadittua kenttää ""%s"" uudelle asiakkaalle ei ole määritelty."
"Skip import row, the value ""%s"" is invalid for field ""%s""","Ohita tuotava rivi. Arvo ''''%s'''' on virheellinen kenttään ''''%s''''."
"Skipping import row, required field ""%s"" for new products is not defined.","Ohita tuotava rivi. Vaadittua kenttää ''''%s'''' uusille tuotteille ei ole määritelty. "
"Skipping import row, required field ""%s"" is not defined.","Ohitetaan tuotava rivi. Vaadittua kenttää ""%s"" ei ole määritelty."
"Skipping import row, store ""%s"" field does not exist.","Ohitetaan tuotava rivi. ''''%s'''' -kauppakenttää ei ole ole."
"Skipping import row, the value ""%s"" is not valid for the ""%s"" field.","Ohitetaan tuotava rivi. Arvo ""%s"" ei ole sopiva arvo kenttään ""%s""."
"Some of the processed products have no SKU value defined. Please fill it prior to performing operations on these products.","Joillain tuotteilla ei ollut tuotenumeroa (SKU). Lisää numero tuotteisiin ennen toiminnon suorittamista."
"Some of the products below do not have all the required options. Please edit them and configure all the required options.","Osalla alla näkyvistä tuotteista ei ole vaadittavia asetuksia. Muokkaa niitä ja aseta kaikki pakolliset asetukset."
"Some of the selected item options are not currently available.","Osaa valituista tuotteen vaihtoehdoista ei ole saatavilla."
"Sort By","Järjestys"
"Sort Order","Järjestys"
"Source Model","Lähteen malli"
"Special Expires On: %s","Erikoishinta päättyy: %s"
"Special Price:","Erikoishinta:"
"Special Price: %s","Erikoishinta: %s"
"Starting at:","Alkaen:"
"Static","Muuttumaton"
"Static block and products","Muuttumaton sisältölohko ja tuotteet"
"Static block only","Ainoastaan muuttumaton sisältölohko"
"Status","Tila"
"Stock Availability","Saatavuus"
"Store","Kauppa"
"Store View","Kauppanäkymä"
"Stretch","Venytä"
"Subscribe to RSS Feed","Tilaa RSS-syöte"
"Super product attributes configuration","Tuotteen ominaisuuden lisäyksen asetukset (Super)"
"Synonym For","Synonyymi sanalle"
"System Properties","Järjestelmäasetukset"
"Tag Name","Asiasanan nimi"
"Tax","Vero"
"Template","Mallipohja"
"Text","Teksti"
"The Flat Catalog module has a limit of %2\$d filterable and/or sortable attributes. Currently there are %1\$d of them. Please reduce the number of filterable/sortable attributes in order to use this module","The Flat Catalog module has a limit of %2\$d filterable and/or sortable attributes. Currently there are %1\$d of them. Please reduce the number of filterable/sortable attributes in order to use this module"
"The attribute model is not defined","Ominaisuusmallia ei ole määritelty."
"The attribute set has been saved.","Ominaisuuskokoelma on tallennettu."
"The base directory to upload file is not specified.","Juurihakemistoa tiedoston noutamiseen ei ole määritelty."
"The category has been deleted.","Luokka on poistettu."
"The category has been saved.","Luokka on tallennettu."
"The comparison list was cleared.","Tuotevertailu on tyhjennetty."
"The file '%s' for '%s' has an invalid extension","Tiedostolla '%s' kohteelle '%s' on virheellinen pääte."
"The file '%s' you uploaded is larger than %s Megabytes allowed by server","Tiedosto '%s', jota yritit noutaa on suurempi kuin palvelimen sallima %s megatavua."
"The file you uploaded is larger than %s Megabytes allowed by server","Tiedosto jota yritit noutaa on suurempi kuin palvelimen sallima %s megatavua."
"The filters must be an array.","The filters must be an array."
"The image contents is not valid base64 data.","Kuvien sisällöt eivät ole base64 -tietoa."
"The From Date value should be less than or equal to the To Date value.","Alkamispäivän täytyy olla aikaisemmin tai sama kuin päättymivpäivän."
"The attribute code \'%s\' is reserved by system. Please try another attribute code","Ominaisuuskoodi %s on varattu järjestelmälle. Kirjoita toinen ominaisuuskoodi."
"The image is not specified.","Kuvaa ei ole määritelty."
"The model collection resource name is not defined.","Mallikokoelman lähteen nimeä ei ole määritelty."
"The product %s has been added to comparison list.","%s on lisätty tuotevertailuun."
"The product %s has been removed from comparison list.","%s on poistettu tuotevertailusta."
"The product attribute has been deleted.","Tuotteen ominaisuus on poistettu."
"The product attribute has been saved.","Tuotteen ominaisuus on tallennettu."
"The product has been created.","Tuote on lisätty."
"The product has been deleted.","Tuote on poistettu."
"The product has been duplicated.","Tuotteesta on tehty kopio."
"The product has been saved.","Tuote on tallennettu."
"The product has required options","Tuotteella on vaaditut vaihtoehdot."
"The review has been deleted","Arvostelu on poistettu."
"The review has been saved.","Arvostelu on tallennettu."
"The review was removed by another user or does not exist.","Toinen käyttäjä on poistanut arvostelun tai sitä ei ole."
"The search was deleted.","Haku on poistettu."
"The text is too long","Teksti on liian pitkä."
"There are no %s available.","%s ei ole saatavilla."
"There are no customers for this alert","Ilmoitukselle ei ole tilaajia."
"There are no customers for this alert.","Ilmoitukselle ei ole tilaajia."
"There are no products matching the selection.","Ei  vastaavia tuotteita."
"There was an error while request processing.","Pyyntöä suoritettaessa tapahtui virhe."
"This Attribute no longer exists","Tätä ominaisuutta ei enää ole."
"This attribute cannot be deleted.","Tätä ominaisuutta ei voida poistaa."
"This attribute cannot be edited.","Tätä ominaisuutta ei voida muokata."
"This attribute cannot be updated.","Tätä ominaiuutta ei voida päivittää."
"This attribute is used in configurable products.","Tätä ominaisuutta käytetään muokattaville tuotteille."
"This attribute is used in configurable products. You cannot remove it from the attribute set.","Tätä ominaisuutta käytetään muokattaville tuotteille. Sitä ei voi poistaa ominaisuuskokoelmasta."
"This attribute no longer exists","Tätä ominaisuutta ei enää ole."
"This attribute set no longer exists.","Tätä ominaisuuskokoelmaa ei enää ole."
"This group contains attributes, used in configurable products. Please move these attributes to another group and try again.","Tämä ryhmä sisältää ominaisuuksia, joita käytetään muokattaville tuotteille. Siirrä nämä ominaisuudet toiseen ryhmään ja yritä uudestaan."
"This group contains system attributes. Please move system attributes to another group and try again.","Tämä ryhmä sisältää järjestelmäominaisuuksia. Siirrä järjestelmäominaisuudet toiseen ryhmään ja yritä uudestaan."
"This is a required option","Tämä on pakollinen vaihtoehto."
"This product no longer exists.","Tätä tuotetta ei enää ole."
"This search no longer exists.","Tätä hakua ei enää ole."
"This setting will be applied when all prices in the specific price interval are equal.","This setting will be applied when all prices in the specific price interval are equal."
"Tier Pricing","Määrähinnoittelu"
"Tile","Tiili"
"Time Format","Ajan muoto"
"Title","Nimi"
"To reindex the enabled product(s), the store or product must be specified","Valittujen tuotteiden uudelleenindeksointia varten on määritettävä kauppa tai tuote."
"To see product price, add this item to your cart. You can always remove it later.","Nähdäksesi tuotteen hinnan lisää se ostoskoriin. Voit poistaa sen myöhemmin sieltä."
"Top/Left","Ylhäällä/Vasemmalla"
"Top/Right","Ylhäällä/Oikealla"
"Total Qty Base Items","Peruskohteiden kokonaismäärä"
"Total incl. Tax: %1$s","Loppusumma (verollinen): %1$s"
"Total of %d record(s) have been deleted.","Yhteensä %d tietuetta on poistettu."
"Total of %d record(s) have been updated.","Yhteensä %d tietuetta on päivitetty."
"Total of %d record(s) were updated","Yhteensä %d tietuetta on päivitetty."
"Type","Tyyppi"
"URL Rewrite Management","Uudelleenohjaukset"
"Unable to complete this request.","Pyyntöä ei voida suorittaa."
"Unable to find a search term to delete.","Poistettavaa hakusanaa ei löydy."
"Unable to find an attribute to delete.","Poistettavaa ominaisuutta ei löydy."
"Unable to get the product ID.","Tuotteen tunnistetta ei voida hakea."
"Unassigned Attributes","Ryhmiin kuulumattomat ominaisuudet"
"Unknown EAV indexer type ""%s"".","Unknown EAV indexer type ""%s""."
"Unknown attribute: %s.","Tuntematon ominaisuus: %s."
"Unsupported product type ""%s"".","Ttuotetyyppiä ""%s"" ei tueta."
"Up-sells","Vaihtoehtoiset tuotteet"
"Update","Päivitä"
"Update Attributes","Päivitä ominaisuudet"
"Update Tier Price","Päivitä määrähinta"
"Update assigned product","Update assigned product"
"Update attribute","Päivitä ominaisuus"
"Update attributes","Päivitä ominaisuudet"
"Update category","Päivitä luokka"
"Update custom option of product","Päivitä tuotteen muokattu vaihtoehto"
"Update product","Päivitä tuote"
"Update product image","Päivitä tuotekuva"
"Update product link","Päivitä tuotelinkki"
"Update product tier prices","Päivitä tuotteen määrähinnat"
"Update value of custom option","Päivitä muokatun vaihtoehdon arvo"
"Upload new product image ","Nouda uusi tuotekuva "
"Use Canonical Link Meta Tag For Categories","Use Canonical Link Meta Tag For Categories"
"Use Canonical Link Meta Tag For Products","Use Canonical Link Meta Tag For Products"
"Use Categories Path for Product URLs","Näytä luokat tuotteen URL-osoitteessa"
"Use Config Settings","Käytä kokoonpanon asetuksia"
"Use Default Value","Käytä oletusarvoa"
"Use Flat Catalog Category","Käytä tasoitettua luetteloa luokista"
"Use Flat Catalog Product","Käytä tasoitettua luetteloa tuotteista"
"Use In Layered Navigation","Käytä kerroksittaisessa navigaatiossa"
"Use In Search Results Layered Navigation","Käytä hakutulosten kerroksittaisessa navigaatiossa"
"Use JavaScript Calendar","Käytä JavaScript-kalenteria"
"Use Static URLs for Media Content in WYSIWYG for Catalog","Käytä muuttomattomia URL-osoitteita mediasisältöön luettelon WYSIWYG-editorissa"
"Use To Create Configurable Product","Käytä  muokattavissa tuotteissa"
"Use Tree Like Category Sitemap","Käytä hierarkista luokkasivukarttaa"
"Use config","Käytä kokoonpanoasetuksia"
"Use default","Käytä oletusarvoa"
"Use for Promo Rule Conditions","Käytä kampanjasääntöjen ehtoihin"
"Use four-digit year format.","Kirjoita vuosi nelinumeroisena."
"Use in Advanced Search","Käytä tarkennetussa haussa"
"Use in Layered Navigation","Käytä kerroksittaisessa navigaatiossa"
"Use in Layered Navigation<br/>(Can be used only with catalog input type 'Dropdown')","Käytä kerroksittaisessa navigaatiossa<br/>(Voidaan käyttää vain luettelon syöttötyypin 'pudotusvalikko' kanssa)"
"Use in Quick Search","Käytä pikahaussa"
"Used for Sorting in Product Listing","Käytettävissä tuoteluettelon järjestämiseen"
"Used in Product Listing","Näytetään tuoteluettelossa"
"Value for ""%s"" is invalid.","Kohteen ""%s"" arvo on virheellinen."
"Value for ""%s"" is invalid: %s","Kohteen ""%s"" arvo on virheellinen: %s"
"Varchar","Merkkijono"
"View as","Näytä"
"VIEW FULL PRODUCT DETAILS","NÄYTÄ TUOTTEEN TIEDOT"
"Virtual Product","Aineeton tuote"
"Visibility","Näkyvyys"
"Visible","Näkyvillä"
"Visible on Catalog Pages on Front-end","Näkyvillä luettelosivuilla kaupan puolella"
"Visible on Product View Page on Front-end","Näytetään tuotesivulla kaupan puolella"
"WYSIWYG Editor","WYSIWYG-editori"
"Watermark","-vesileima"
"Watermark Default Size","-vesileiman oletuskoko"
"Watermark Opacity, Percent","-vesileiman läpinäkyvyys prosentteina"
"Watermark Position","-vesileiman sijainti"
"We Also Recommend","Suosittelemme"
"Website","Sivusto"
"Websites","Sivustot"
"What's this?","Mikä tämä on?"
"Whether to show ""All"" option in the ""Show X Per Page"" dropdown.","Sisältyykö ""Kaikki""-valinta ""Näytä X / sivu"" -pudotusvalikkoon."
"Will make search for the query above return results for this search.","Tekee haun yllä olevalla lausekkeella ja palauttaa tulokset tälle haulle."
"Wrong BuyRequest instance in options group.","Wrong BuyRequest instance in options group."
"Wrong configuration item instance in options group.","Wrong configuration item instance in options group."
"Wrong configuration item option instance in options group.","Wrong configuration item option instance in options group."
"Wrong option instance type in options group.","Wrong option instance type in options group."
"Wrong option type to get group instance.","Wrong option type to get group instance."
"Wrong product instance type in options group.","Wrong product instance type in options group."
"Wrong product type filter specified","Tuotetyyppisuodatin on määritelty väärin."
"Wrong product type to extract configurable options.","Wrong product type to extract configurable options."
"Year Range","Vuodet"
"Yes","Kyllä"
"You cannot remove system attribute from this set.","Järjestelmäominaisuutta ei voi poistaa tästä kokoelmasta."
"You have no items to compare.","Ei valittuja"
"You may also be interested in the following product(s)","Vilkaise myös näitä"
"Zoom In","Katso lähempää"
"Zoom Out","Katso kauempaa"
"and","ja"
"and above","ja enemmän"
"categories","luokat"
"each","jokainen"
"ex. http://domain.com","esim. http://palvelin.fi"
"leave blank if its not an image","jätä tyhjäksi jos kyseessä ei ole kuva"
"per page","/ sivu"
"products","tuotteet"
"px.","px."
"save","tallenna"
"select all","valitse kaikki"
"unselect all","poista kaikki valinnat"
"x","x"
"(Will make search for the query above return results for this search.)","(Tekee haun yllä olevalla lausekkeella ja palauttaa tulokset tälle haulle.)"
"Catalog Seo Popular Search Terms","Catalog Seo Popular Search Terms"
"Display in Suggested Terms","Näytä ehdotetuissa hakusanoissa"
"Display Settings","Näkymäasetukset"
"Number of results<br/>(For the last time placed)","Tulosten määrä<br/>(viimeksi haettu tilanne)"
"Total Qty Content Items","Total Qty Content Items"
"Url Rewrite Management","Uudelleenohjaukset"
"[GLOBAL]","[GLOBAALI]"
"This product is not for sale on web shop.", "Tämä tuote ei ole saatavana Atenan verkkokaupassa."